PERMIT_NUM,REVISION_NUM,PERMIT_TYPE,STRUCTURE_TYPE,APPLICATION_DATE,ISSUED_DATE,COMPLETED_DATE,POSTAL,GREEN_ROOF_AREA,ECO_ROOF
03 141785,1,Small Residential Projects,SFD - Detached,2010-02-18T00:00:00Z,2010-03-25T00:00:00Z,2010-03-25T00:00:00Z,M8Y,18.36,FALSE
10 120075,0,Building Additions/Alterations,Office,2010-02-18T00:00:00Z,2010-06-04T00:00:00Z,2010-06-04T00:00:00Z,M5B,1470,FALSE
10 131477,0,New Building,Apartment Building,2010-03-12T00:00:00Z,2012-08-16T00:00:00Z,2012-08-16T00:00:00Z,NA,300,FALSE
10 132321,0,New Building,Apartment Building,2010-03-15T00:00:00Z,2011-03-01T00:00:00Z,2011-03-01T00:00:00Z,M9R,0,FALSE
10 155366,0,Building Additions/Alterations,Office,2010-04-20T00:00:00Z,2010-05-19T00:00:00Z,2010-05-19T00:00:00Z,M5H,270,FALSE
10 155781,0,Building Additions/Alterations,Secondary School,2010-04-20T00:00:00Z,2010-08-06T00:00:00Z,2010-08-06T00:00:00Z,M2L,275,FALSE
10 216000,0,New Building,Mixed Use/Res w Non Res,2010-07-09T00:00:00Z,2012-04-12T00:00:00Z,2012-04-12T00:00:00Z,M5T,2195,FALSE
10 227495,0,New Building,Multiple Use/Non Residential,2010-07-23T00:00:00Z,2011-04-13T00:00:00Z,2011-04-13T00:00:00Z,M6J,1220,FALSE
10 243442,0,Building Additions/Alterations,Community Hall,2010-08-20T00:00:00Z,2010-10-04T00:00:00Z,2010-10-04T00:00:00Z,M4L,131.6,TRUE
10 255756,0,New Building,Mixed Use/Res w Non Res,2010-09-10T00:00:00Z,2014-01-23T00:00:00Z,2014-01-23T00:00:00Z,NA,1051.9,FALSE
10 275713,1,Small Residential Projects,SFD - Detached,2011-08-09T00:00:00Z,2011-08-15T00:00:00Z,2011-08-15T00:00:00Z,M6S,152,FALSE
10 275713,0,Small Residential Projects,SFD - Detached,2010-10-12T00:00:00Z,2010-11-12T00:00:00Z,2010-11-12T00:00:00Z,M6S,152,FALSE
10 282856,0,Small Residential Projects,SFD - Detached,2010-10-22T00:00:00Z,2010-11-05T00:00:00Z,2010-11-05T00:00:00Z,M4T,60.9,FALSE
10 292819,0,New Building,"Transit Station,Subway, Bus Terminal",2010-11-08T00:00:00Z,2017-06-16T00:00:00Z,2017-06-16T00:00:00Z,NA,360,FALSE
10 300519,0,Small Residential Projects,SFD - Detached,2010-11-22T00:00:00Z,2010-12-23T00:00:00Z,2010-12-23T00:00:00Z,M4N,71.72,FALSE
10 315385,0,New Building,Mixed Use/Res w Non Res,2010-12-16T00:00:00Z,2013-05-02T00:00:00Z,2013-05-02T00:00:00Z,M5V,1541,FALSE
10 316687,0,New Building,Mixed Use/Res w Non Res,2010-12-17T00:00:00Z,2013-12-20T00:00:00Z,2013-12-20T00:00:00Z,NA,716.7,FALSE
11 129874,0,Small Residential Projects,SFD - Detached,2011-02-18T00:00:00Z,2011-03-22T00:00:00Z,2011-03-22T00:00:00Z,M6G,41,FALSE
11 132392,0,New Building,Restaurant Greater Than 30 Seats,2011-02-24T00:00:00Z,2014-03-25T00:00:00Z,2014-03-25T00:00:00Z,NA,523.6,FALSE
11 154403,0,Building Additions/Alterations,Elementary School,2011-03-25T00:00:00Z,2012-06-06T00:00:00Z,2012-06-06T00:00:00Z,M4H,1032,FALSE
11 187152,0,New Building,Mixed Use/Res w Non Res,2011-05-04T00:00:00Z,2013-05-31T00:00:00Z,2013-05-31T00:00:00Z,M5T,986,FALSE
11 216050,0,New Building,Mixed Use/Res w Non Res,2011-06-10T00:00:00Z,2013-12-19T00:00:00Z,2013-12-19T00:00:00Z,NA,277.33,FALSE
11 218683,0,New Building,Industrial,2011-06-14T00:00:00Z,2011-10-31T00:00:00Z,2011-10-31T00:00:00Z,NA,324,FALSE
11 223813,0,Building Additions/Alterations,Recreational,2011-06-21T00:00:00Z,2012-04-26T00:00:00Z,2012-04-26T00:00:00Z,M4G,404,FALSE
11 232379,0,New Building,Mixed Use/Res w Non Res,2011-07-05T00:00:00Z,2013-02-01T00:00:00Z,2013-02-01T00:00:00Z,M5T,1344,FALSE
11 234039,0,New Building,Mixed Use/Res w Non Res,2011-07-07T00:00:00Z,2013-07-22T00:00:00Z,2013-07-22T00:00:00Z,M5V,475,FALSE
11 234821,0,Building Additions/Alterations,Office,2011-07-08T00:00:00Z,2011-10-27T00:00:00Z,2011-10-27T00:00:00Z,M5A,371,FALSE
11 236661,0,New Building,Apartment Building,2011-07-12T00:00:00Z,2013-10-25T00:00:00Z,2013-10-25T00:00:00Z,NA,591,FALSE
11 249770,0,New Building,Mixed Use/Res w Non Res,2011-08-02T00:00:00Z,2014-10-28T00:00:00Z,2014-10-28T00:00:00Z,NA,1093,FALSE
11 279925,0,New Building,Elementary School,2011-09-22T00:00:00Z,2012-07-31T00:00:00Z,2012-07-31T00:00:00Z,NA,700,TRUE
11 284988,0,New Building,Multiple Use/Non Residential,2011-09-30T00:00:00Z,2013-07-26T00:00:00Z,2013-07-26T00:00:00Z,NA,4363,FALSE
11 287084,0,New Building,Mixed Use/Res w Non Res,2011-10-04T00:00:00Z,2013-09-04T00:00:00Z,2013-09-04T00:00:00Z,M5V,63.01,FALSE
11 293926,0,New Building,Apartment Building,2011-10-17T00:00:00Z,2013-01-21T00:00:00Z,2013-01-21T00:00:00Z,NA,248,FALSE
11 294699,0,New Building,Apartment Building,2011-10-18T00:00:00Z,2013-01-22T00:00:00Z,2013-01-22T00:00:00Z,M5A,300,FALSE
11 309981,0,New Building,University,2011-11-15T00:00:00Z,2012-10-31T00:00:00Z,2012-10-31T00:00:00Z,M5B,889.5,FALSE
11 310205,0,New Building,Multiple Use/Non Residential,2011-11-15T00:00:00Z,2012-07-17T00:00:00Z,2012-07-17T00:00:00Z,M1L,240.52,FALSE
11 312272,0,Building Additions/Alterations,Elementary School,2011-11-18T00:00:00Z,2012-06-18T00:00:00Z,2012-06-18T00:00:00Z,M1E,1197,FALSE
11 319757,0,New Building,Mixed Use/Res w Non Res,2011-12-02T00:00:00Z,2014-03-19T00:00:00Z,2014-03-19T00:00:00Z,M5P,429.78,FALSE
11 320212,0,New Building,Retail Store,2011-12-02T00:00:00Z,2012-06-14T00:00:00Z,2012-06-14T00:00:00Z,M9P,0,FALSE
11 324279,0,New Building,Elementary School,2011-12-12T00:00:00Z,2012-10-16T00:00:00Z,2012-10-16T00:00:00Z,M2N,0,FALSE
11 327297,0,New Building,Apartment Building,2011-12-16T00:00:00Z,2014-02-14T00:00:00Z,2014-02-14T00:00:00Z,M5P,445,FALSE
11 330479,0,New Building,Mixed Use/Res w Non Res,2011-12-23T00:00:00Z,2014-06-04T00:00:00Z,2014-06-04T00:00:00Z,M8Z,349,FALSE
11 330588,0,New Building,Multiple Use/Non Residential,2011-12-23T00:00:00Z,2014-12-11T00:00:00Z,2014-12-11T00:00:00Z,M5A,3290,FALSE
11 330642,0,New Building,Apartment Building,2011-12-23T00:00:00Z,2014-03-11T00:00:00Z,2014-03-11T00:00:00Z,M5A,504,FALSE
11 330653,0,New Building,Mixed Use/Res w Non Res,2011-12-23T00:00:00Z,2014-03-11T00:00:00Z,2014-03-11T00:00:00Z,M5A,540,FALSE
11 331342,0,New Building,Elementary School,2011-12-28T00:00:00Z,2012-03-19T00:00:00Z,2012-03-19T00:00:00Z,M1C,379.2,FALSE
11 331561,0,New Building,Mixed Use/Res w Non Res,2011-12-29T00:00:00Z,2014-08-26T00:00:00Z,2014-08-26T00:00:00Z,M5V,397.5,FALSE
11 331561,1,New Building,Mixed Use/Res w Non Res,2015-04-02T00:00:00Z,2016-05-20T00:00:00Z,2016-05-20T00:00:00Z,M5V,303.5,FALSE
12 106788,0,New Building,Club,2012-01-16T00:00:00Z,2012-06-05T00:00:00Z,2012-06-05T00:00:00Z,M4N,184.9,FALSE
12 109230,0,New Building,Multiple Use/Non Residential,2012-01-20T00:00:00Z,2012-07-30T00:00:00Z,2012-07-30T00:00:00Z,NA,243,FALSE
12 109234,0,New Building,Apartment Building,2012-01-20T00:00:00Z,2013-09-17T00:00:00Z,2013-09-17T00:00:00Z,M8W,397,FALSE
12 114933,0,New Building,Mixed Use/Res w Non Res,2012-01-31T00:00:00Z,2013-11-26T00:00:00Z,2013-11-26T00:00:00Z,NA,1827.57,FALSE
12 119084,0,New Building,Apartment Building,2012-02-08T00:00:00Z,2016-04-01T00:00:00Z,2016-04-01T00:00:00Z,M4N,342,FALSE
12 124662,0,New Building,Apartment Building,2012-02-17T00:00:00Z,2015-06-08T00:00:00Z,2015-06-08T00:00:00Z,M5A,252,FALSE
12 129679,0,New Building,Apartment Building,2012-02-29T00:00:00Z,2015-11-02T00:00:00Z,2015-11-02T00:00:00Z,M8Y,361.12,FALSE
12 135248,0,Building Additions/Alterations,Elementary School,2012-03-12T00:00:00Z,2012-09-25T00:00:00Z,2012-09-25T00:00:00Z,M3B,810,FALSE
12 146242,0,New Building,Recreational,2012-03-30T00:00:00Z,2014-03-20T00:00:00Z,2014-03-20T00:00:00Z,NA,726,FALSE
12 154305,0,Building Additions/Alterations,College/Trade/Tech School/Training Cent.,2012-04-16T00:00:00Z,2013-06-26T00:00:00Z,2013-06-26T00:00:00Z,M1L,473,FALSE
12 166355,0,New Building,Mixed Use/Res w Non Res,2012-05-03T00:00:00Z,2014-11-14T00:00:00Z,2014-11-14T00:00:00Z,M5A,4823,FALSE
12 166727,0,New Building,Mixed Use/Res w Non Res,2012-05-04T00:00:00Z,2014-05-30T00:00:00Z,2014-05-30T00:00:00Z,M4Y,118,FALSE
12 170167,0,New Building,Mixed Use/Res w Non Res,2012-05-09T00:00:00Z,2015-10-14T00:00:00Z,2015-10-14T00:00:00Z,M5A,1701.4,FALSE
12 171492,0,New Houses,SFD - Detached,2012-05-11T00:00:00Z,2012-05-31T00:00:00Z,2012-05-31T00:00:00Z,M5R,85,FALSE
12 174617,0,New Building,Office,2012-05-16T00:00:00Z,2013-03-07T00:00:00Z,2013-03-07T00:00:00Z,NA,1176.45,FALSE
12 174758,0,New Building,Apartment Building,2012-05-16T00:00:00Z,2014-01-15T00:00:00Z,2014-01-15T00:00:00Z,M8X,568,FALSE
12 185147,0,New Building,Mixed Use/Res w Non Res,2012-06-01T00:00:00Z,2014-01-29T00:00:00Z,2014-01-29T00:00:00Z,M5R,114,FALSE
12 202451,0,New Building,Elementary School,2012-06-28T00:00:00Z,2013-02-14T00:00:00Z,2013-02-14T00:00:00Z,NA,1159,TRUE
12 203332,0,New Building,University,2012-06-29T00:00:00Z,2013-06-28T00:00:00Z,2013-06-28T00:00:00Z,M5S,1080,FALSE
12 207842,0,New Building,Indoor Swimming Pool,2012-07-09T00:00:00Z,2013-10-29T00:00:00Z,2013-10-29T00:00:00Z,NA,60,FALSE
12 209746,0,New Building,Mixed Use/Res w Non Res,2012-07-11T00:00:00Z,2015-08-24T00:00:00Z,2015-08-24T00:00:00Z,M6J,183,FALSE
12 213264,0,New Building,Other,2012-07-17T00:00:00Z,2013-07-05T00:00:00Z,2013-07-05T00:00:00Z,M4W,786,FALSE
12 213264,1,New Building,Other,2014-02-05T00:00:00Z,2014-10-02T00:00:00Z,2014-10-02T00:00:00Z,M4W,764,FALSE
12 221439,0,New Building,Mixed Use/Res w Non Res,2012-07-31T00:00:00Z,2015-03-05T00:00:00Z,2015-03-05T00:00:00Z,M5V,473,FALSE
12 230546,0,New Building,Multiple Use/Non Residential,2012-08-16T00:00:00Z,2012-12-10T00:00:00Z,2012-12-10T00:00:00Z,M8Z,790,FALSE
12 233929,0,New Building,Apartment Building,2012-08-22T00:00:00Z,2014-09-22T00:00:00Z,2014-09-22T00:00:00Z,M1R,1519,FALSE
12 235082,0,New Building,Mixed Use/Res w Non Res,2012-08-24T00:00:00Z,2013-08-09T00:00:00Z,2013-08-09T00:00:00Z,NA,587,FALSE
12 246672,0,Small Residential Projects,SFD - Detached,2012-09-14T00:00:00Z,2012-10-04T00:00:00Z,2012-10-04T00:00:00Z,M2N,53.6,FALSE
12 260121,0,New Building,Retail Mall/Plaza,2012-10-09T00:00:00Z,2013-04-17T00:00:00Z,2013-04-17T00:00:00Z,M3J,2270,FALSE
12 260361,0,New Building,Apartment Building,2012-10-10T00:00:00Z,2014-05-21T00:00:00Z,2014-05-21T00:00:00Z,NA,712,FALSE
12 275376,0,Building Additions/Alterations,Industrial,2012-11-07T00:00:00Z,2013-03-04T00:00:00Z,2013-03-04T00:00:00Z,M3H,1992,FALSE
12 296413,0,New Building,Apartment Building,2012-12-20T00:00:00Z,2016-06-08T00:00:00Z,2016-06-08T00:00:00Z,NA,760,FALSE
12 296723,0,New Building,Apartment Building,2012-12-20T00:00:00Z,2014-04-15T00:00:00Z,2014-04-15T00:00:00Z,M4P,620.9,FALSE
12 296750,0,Building Additions/Alterations,Multiple Use/Non Residential,2012-12-20T00:00:00Z,2013-11-18T00:00:00Z,2013-11-18T00:00:00Z,M5H,236,FALSE
12 296759,0,Building Additions/Alterations,Office,2012-12-20T00:00:00Z,2013-10-15T00:00:00Z,2013-10-15T00:00:00Z,M5V,1157.33,FALSE
13 108330,0,New Building,Apartment Building,2013-01-18T00:00:00Z,2014-09-26T00:00:00Z,2014-09-26T00:00:00Z,NA,534,FALSE
13 111792,0,New Building,Apartment Building,2013-01-28T00:00:00Z,2016-08-18T00:00:00Z,2016-08-18T00:00:00Z,NA,752,FALSE
13 122967,0,Building Additions/Alterations,Multiple Use/Non Residential,2013-02-21T00:00:00Z,2013-04-02T00:00:00Z,2013-04-02T00:00:00Z,M5H,229.86,FALSE
13 123611,0,New Building,Mixed Use/Res w Non Res,2013-02-22T00:00:00Z,2014-07-21T00:00:00Z,2014-07-21T00:00:00Z,NA,492,FALSE
13 133841,0,New Building,Other,2013-03-15T00:00:00Z,2014-04-16T00:00:00Z,2014-04-16T00:00:00Z,M1E,746,FALSE
13 147105,0,New Building,Mixed Use/Res w Non Res,2013-04-09T00:00:00Z,2014-07-03T00:00:00Z,2014-07-03T00:00:00Z,M4L,296,FALSE
13 155002,0,New Building,Mixed Use/Res w Non Res,2013-04-22T00:00:00Z,2016-09-01T00:00:00Z,2016-09-01T00:00:00Z,M4X,890,FALSE
13 161711,0,New Building,Office,2013-05-03T00:00:00Z,2015-08-24T00:00:00Z,2015-08-24T00:00:00Z,M5H,1224,FALSE
13 161711,4,New Building,Office,2019-09-10T00:00:00Z,2021-02-05T00:00:00Z,2021-02-05T00:00:00Z,M5H,1103,FALSE
13 163492,0,Building Additions/Alterations,Apartment Building,2013-05-07T00:00:00Z,2013-07-03T00:00:00Z,2013-07-03T00:00:00Z,M5A,426,FALSE
13 173169,0,New Building,Mixed Use/Res w Non Res,2013-05-23T00:00:00Z,2018-01-12T00:00:00Z,2018-01-12T00:00:00Z,M5R,365,FALSE
13 179846,0,New Building,Mixed Use/Res w Non Res,2013-06-03T00:00:00Z,2015-10-19T00:00:00Z,2015-10-19T00:00:00Z,M8V,50,FALSE
13 190716,0,New Building,Mixed Use/Res w Non Res,2013-06-19T00:00:00Z,2015-04-21T00:00:00Z,2015-04-21T00:00:00Z,M5T,444,FALSE
13 195524,0,New Building,Office,2013-06-27T00:00:00Z,2013-11-13T00:00:00Z,2013-11-13T00:00:00Z,M9M,211,FALSE
13 195531,0,New Building,Mixed Use/Res w Non Res,2013-06-27T00:00:00Z,2018-06-20T00:00:00Z,2018-06-20T00:00:00Z,NA,0,FALSE
13 197455,0,New Building,Mixed Use/Res w Non Res,2013-07-02T00:00:00Z,2019-05-24T00:00:00Z,2019-05-24T00:00:00Z,M5A,582.2,FALSE
13 203373,0,New Building,Retail Mall/Plaza,2013-07-12T00:00:00Z,2014-01-08T00:00:00Z,2014-01-08T00:00:00Z,M1P,0,FALSE
13 206962,0,New Building,Mixed Use/Res w Non Res,2013-07-19T00:00:00Z,2015-01-07T00:00:00Z,2015-01-07T00:00:00Z,NA,55.6,FALSE
13 214855,0,Building Additions/Alterations,Multiple Unit Building,2013-08-01T00:00:00Z,2015-04-09T00:00:00Z,2015-04-09T00:00:00Z,M5G,0,FALSE
13 231262,0,New Building,Retail Store,2013-09-05T00:00:00Z,2016-08-23T00:00:00Z,2016-08-23T00:00:00Z,M2K,127,FALSE
13 238027,0,Building Additions/Alterations,College/Trade/Tech School/Training Cent.,2013-09-18T00:00:00Z,2016-08-16T00:00:00Z,2016-08-16T00:00:00Z,M8Z,1852,FALSE
13 238779,0,New Building,Multiple Use/Non Residential,2013-09-19T00:00:00Z,2014-10-30T00:00:00Z,2014-10-30T00:00:00Z,M9B,427,FALSE
13 239910,0,New Building,Mixed Use/Res w Non Res,2013-09-23T00:00:00Z,2015-11-10T00:00:00Z,2015-11-10T00:00:00Z,M6J,280.6,FALSE
13 240040,0,New Building,Mixed Use/Res w Non Res,2013-09-23T00:00:00Z,2017-07-04T00:00:00Z,2017-07-04T00:00:00Z,M5V,1040,FALSE
13 243000,0,New Building,Mixed Use/Res w Non Res,2013-09-27T00:00:00Z,2016-10-07T00:00:00Z,2016-10-07T00:00:00Z,M5B,195.13,FALSE
13 245084,0,New Building,Mixed Use/Res w Non Res,2013-10-02T00:00:00Z,2017-03-28T00:00:00Z,2017-03-28T00:00:00Z,NA,495,FALSE
13 248991,0,New Building,Apartment Building,2013-10-10T00:00:00Z,2015-12-11T00:00:00Z,2015-12-11T00:00:00Z,M4S,172,FALSE
13 249371,0,New Building,Apartment Building,2013-10-10T00:00:00Z,2015-12-11T00:00:00Z,2015-12-11T00:00:00Z,M4S,435,FALSE
13 256237,0,New Building,Apartment Building,2013-10-25T00:00:00Z,2017-08-01T00:00:00Z,2017-08-01T00:00:00Z,NA,570,FALSE
13 256626,0,Building Additions/Alterations,University,2013-10-25T00:00:00Z,2015-03-24T00:00:00Z,2015-03-24T00:00:00Z,M5S,528,FALSE
13 257546,0,New Building,University,2013-10-28T00:00:00Z,2015-04-08T00:00:00Z,2015-04-08T00:00:00Z,M3J,1952,FALSE
13 264401,0,New Building,University,2013-11-13T00:00:00Z,2014-09-02T00:00:00Z,2014-09-02T00:00:00Z,M1C,640,FALSE
13 272728,0,Building Additions/Alterations,Secondary School,2013-12-02T00:00:00Z,2016-04-01T00:00:00Z,2016-04-01T00:00:00Z,M4S,473.1,FALSE
13 273728,0,New Building,Mixed Use/Res w Non Res,2013-12-04T00:00:00Z,2016-03-03T00:00:00Z,2016-03-03T00:00:00Z,M6K,180,FALSE
13 275740,0,New Building,Car Dealership,2013-12-09T00:00:00Z,2015-01-30T00:00:00Z,2015-01-30T00:00:00Z,NA,718.3,FALSE
13 279062,0,Building Additions/Alterations,Retail Store,2013-12-17T00:00:00Z,2016-08-18T00:00:00Z,2016-08-18T00:00:00Z,M6A,7652.99,FALSE
13 279564,0,New Building,Crematorium/Cemetary Structure,2013-12-18T00:00:00Z,2015-03-13T00:00:00Z,2015-03-13T00:00:00Z,M2R,336,FALSE
13 279800,0,New Houses,SFD - Detached,2013-12-19T00:00:00Z,2014-01-09T00:00:00Z,2014-01-09T00:00:00Z,M2M,486.86,FALSE
13 280135,0,New Building,Office,2013-12-19T00:00:00Z,2014-09-17T00:00:00Z,2014-09-17T00:00:00Z,NA,1098.02,FALSE
14 106954,0,New Building,Multiple Use/Non Residential,2014-01-20T00:00:00Z,2016-08-09T00:00:00Z,2016-08-09T00:00:00Z,NA,1161,FALSE
14 125945,0,New Building,Mixed Use/Res w Non Res,2014-03-07T00:00:00Z,2016-11-23T00:00:00Z,2016-11-23T00:00:00Z,M6P,202,FALSE
14 128260,0,New Building,Mixed Use/Res w Non Res,2014-03-13T00:00:00Z,2016-12-07T00:00:00Z,2016-12-07T00:00:00Z,M1N,320.9,FALSE
14 136120,0,Small Residential Projects,SFD - Detached,2014-04-01T00:00:00Z,2014-05-28T00:00:00Z,2014-05-28T00:00:00Z,M6R,0,FALSE
14 144636,0,Building Additions/Alterations,Industrial,2014-04-17T00:00:00Z,2014-10-02T00:00:00Z,2014-10-02T00:00:00Z,M3H,2203,FALSE
14 148303,0,New Building,Mixed Use/Res w Non Res,2014-04-28T00:00:00Z,2017-06-23T00:00:00Z,2017-06-23T00:00:00Z,NA,74.6,FALSE
14 150989,7,Building Additions/Alterations,Industrial,2017-07-21T00:00:00Z,2017-09-22T00:00:00Z,2017-09-22T00:00:00Z,M6K,1675,TRUE
14 157349,0,New Building,Apartment Building,2014-05-15T00:00:00Z,2018-07-19T00:00:00Z,2018-07-19T00:00:00Z,M6C,107,FALSE
14 165292,0,New Building,Other,2014-05-30T00:00:00Z,2014-09-19T00:00:00Z,2014-09-19T00:00:00Z,M1X,238.95000000000002,FALSE
14 169786,0,New Building,Mixed Use/Res w Non Res,2014-06-06T00:00:00Z,2015-01-28T00:00:00Z,2015-01-28T00:00:00Z,M5B,302,FALSE
14 172874,0,New Building,Apartment Building,2014-06-12T00:00:00Z,2017-03-31T00:00:00Z,2017-03-31T00:00:00Z,M5T,497,FALSE
14 174105,0,New Building,Apartment Building,2014-06-15T00:00:00Z,2017-01-10T00:00:00Z,2017-01-10T00:00:00Z,M4P,70,FALSE
14 177417,0,Small Residential Projects,SFD - Detached,2014-06-20T00:00:00Z,2014-07-18T00:00:00Z,2014-07-18T00:00:00Z,M5A,30.7,TRUE
14 177778,0,Small Residential Projects,SFD - Detached,2014-06-20T00:00:00Z,2014-10-01T00:00:00Z,2014-10-01T00:00:00Z,M2N,74.9,FALSE
14 179367,0,New Building,Apartment Building,2014-06-24T00:00:00Z,2015-08-10T00:00:00Z,2015-08-10T00:00:00Z,M4V,320.68,FALSE
14 183525,0,New Building,Community Hall,2014-07-02T00:00:00Z,2014-07-30T00:00:00Z,2014-07-30T00:00:00Z,M1W,414,FALSE
14 187352,0,New Building,Mixed Use/Res w Non Res,2014-07-09T00:00:00Z,2014-12-15T00:00:00Z,2014-12-15T00:00:00Z,M1G,1916,FALSE
14 198747,0,New Building,Mixed Use/Res w Non Res,2014-07-29T00:00:00Z,2017-06-30T00:00:00Z,2017-06-30T00:00:00Z,M5T,873,FALSE
14 203424,0,New Building,Mixed Use/Res w Non Res,2014-08-08T00:00:00Z,2016-04-14T00:00:00Z,2016-04-14T00:00:00Z,M6C,247,FALSE
14 203621,0,New Building,Elementary School,2014-08-08T00:00:00Z,2016-07-18T00:00:00Z,2016-07-18T00:00:00Z,M8V,0,FALSE
14 206694,0,New Building,Mixed Use/Res w Non Res,2014-08-14T00:00:00Z,2016-06-01T00:00:00Z,2016-06-01T00:00:00Z,M4M,115.2,FALSE
14 224819,0,Small Residential Projects,SFD - Townhouse,2014-09-19T00:00:00Z,2014-09-25T00:00:00Z,2014-09-25T00:00:00Z,M5A,36.3,TRUE
14 231616,0,New Building,Multiple Use/Non Residential,2014-10-02T00:00:00Z,2015-07-22T00:00:00Z,2015-07-22T00:00:00Z,M4G,387.03,FALSE
14 231634,0,New Building,Industrial,2014-10-02T00:00:00Z,2016-11-16T00:00:00Z,2016-11-16T00:00:00Z,M4G,180,FALSE
14 237565,0,New Building,Apartment Building,2014-10-15T00:00:00Z,2018-02-27T00:00:00Z,2018-02-27T00:00:00Z,M4P,528.5,FALSE
14 245143,1,New Houses,SFD - Detached,2014-12-17T00:00:00Z,2015-01-08T00:00:00Z,2015-01-08T00:00:00Z,M4G,536,FALSE
14 245186,1,New Houses,SFD - Detached,2014-12-17T00:00:00Z,2015-01-08T00:00:00Z,2015-01-08T00:00:00Z,M4G,238,FALSE
14 245630,0,New Building,Apartment Building,2014-10-30T00:00:00Z,2017-01-19T00:00:00Z,2017-01-19T00:00:00Z,M1J,600,FALSE
14 246981,0,New Building,Mixed Use/Res w Non Res,2014-11-03T00:00:00Z,2017-10-24T00:00:00Z,2017-10-24T00:00:00Z,M6J,336,FALSE
14 247824,0,New Building,Mixed Use/Res w Non Res,2014-11-04T00:00:00Z,2016-03-18T00:00:00Z,2016-03-18T00:00:00Z,M8V,656,FALSE
14 249369,0,New Building,Mixed Use/Res w Non Res,2014-11-07T00:00:00Z,2018-10-16T00:00:00Z,2018-10-16T00:00:00Z,M5B,247,FALSE
14 250520,0,New Houses,SFD - Detached,2014-11-12T00:00:00Z,2015-01-09T00:00:00Z,2015-01-09T00:00:00Z,M4W,12.5,FALSE
14 254972,0,New Building,Mixed Use/Res w Non Res,2014-11-21T00:00:00Z,2018-10-05T00:00:00Z,2018-10-05T00:00:00Z,M6A,537,FALSE
14 257413,0,New Building,Apartment Building,2014-11-27T00:00:00Z,2016-04-28T00:00:00Z,2016-04-28T00:00:00Z,M3M,828,FALSE
14 257417,0,New Building,Apartment Building,2014-11-27T00:00:00Z,2018-08-31T00:00:00Z,2018-08-31T00:00:00Z,NA,3802,FALSE
14 257431,0,New Building,Apartment Building,2014-11-27T00:00:00Z,2017-11-09T00:00:00Z,2017-11-09T00:00:00Z,NA,3802,FALSE
14 257764,0,New Building,Elementary School,2014-11-28T00:00:00Z,2015-04-30T00:00:00Z,2015-04-30T00:00:00Z,M9R,620,TRUE
14 257790,0,New Building,Mixed Use/Res w Non Res,2014-11-28T00:00:00Z,2016-12-22T00:00:00Z,2016-12-22T00:00:00Z,M5B,402,FALSE
14 258677,0,New Building,Apartment Building,2014-12-01T00:00:00Z,2018-05-09T00:00:00Z,2018-05-09T00:00:00Z,M1N,255.53,FALSE
14 259634,0,New Building,Mixed Use/Res w Non Res,2014-12-03T00:00:00Z,2019-08-09T00:00:00Z,2019-08-09T00:00:00Z,M5C,540,FALSE
14 261064,0,New Building,Mixed Use/Res w Non Res,2014-12-05T00:00:00Z,2021-11-03T00:00:00Z,2021-11-03T00:00:00Z,M6G,117,FALSE
14 261921,0,New Building,Apartment Building,2014-12-09T00:00:00Z,2017-06-29T00:00:00Z,2017-06-29T00:00:00Z,M9B,61,FALSE
14 262832,0,New Building,Mixed Use/Res w Non Res,2014-12-10T00:00:00Z,2019-05-16T00:00:00Z,2019-05-16T00:00:00Z,M8V,590.2,FALSE
14 264349,0,New Building,Mixed Use/Res w Non Res,2014-12-15T00:00:00Z,2018-02-27T00:00:00Z,2018-02-27T00:00:00Z,M5P,0,FALSE
14 264762,0,New Building,Parking Garage,2014-12-16T00:00:00Z,2019-02-04T00:00:00Z,2019-02-04T00:00:00Z,M6E,1335,FALSE
14 265297,0,Building Additions/Alterations,Elementary School,2014-12-17T00:00:00Z,2016-11-01T00:00:00Z,2016-11-01T00:00:00Z,M5R,160,FALSE
14 265586,0,Building Additions/Alterations,University,2014-12-18T00:00:00Z,2015-10-28T00:00:00Z,2015-10-28T00:00:00Z,M5S,638,FALSE
14 266003,0,New Building,Apartment Building,2014-12-19T00:00:00Z,2016-07-08T00:00:00Z,2016-07-08T00:00:00Z,M1N,1136,FALSE
14 266073,0,New Building,Apartment Building,2014-12-19T00:00:00Z,2019-10-11T00:00:00Z,2019-10-11T00:00:00Z,M5M,597,FALSE
14 266226,0,New Building,Mixed Use/Res w Non Res,2014-12-19T00:00:00Z,2018-02-13T00:00:00Z,2018-02-13T00:00:00Z,M4P,678,FALSE
14 266401,0,New Building,Mixed Use/Res w Non Res,2014-12-19T00:00:00Z,2020-06-01T00:00:00Z,2020-06-01T00:00:00Z,M5V,330,FALSE
14 267285,0,New Building,Apartment Building,2014-12-23T00:00:00Z,2016-09-29T00:00:00Z,2016-09-29T00:00:00Z,M1R,839,FALSE
14 267291,0,New Building,Apartment Building,2014-12-23T00:00:00Z,2017-09-11T00:00:00Z,2017-09-11T00:00:00Z,M1R,839,FALSE
14 267679,0,New Building,Apartment Building,2014-12-24T00:00:00Z,2017-05-11T00:00:00Z,2017-05-11T00:00:00Z,M1N,76.44000000000001,FALSE
14 268476,0,Building Additions/Alterations,Apartment Building,2014-12-30T00:00:00Z,2016-04-07T00:00:00Z,2016-04-07T00:00:00Z,M6H,90.91000000000001,FALSE
14 268627,0,Building Additions/Alterations,Apartment Building,2014-12-30T00:00:00Z,2016-02-25T00:00:00Z,2016-02-25T00:00:00Z,M6H,90.81,FALSE
15 123194,0,Small Residential Projects,SFD - Detached,2015-03-03T00:00:00Z,2015-04-15T00:00:00Z,2015-04-15T00:00:00Z,M5R,35.9,TRUE
15 123194,1,Small Residential Projects,SFD - Detached,2015-07-06T00:00:00Z,2015-07-16T00:00:00Z,2015-07-16T00:00:00Z,M5R,35.9,TRUE
15 134857,0,New Building,Retail Store,2015-03-31T00:00:00Z,2016-08-18T00:00:00Z,2016-08-18T00:00:00Z,M6A,1553.8,FALSE
15 137670,0,New Building,Other,2015-04-08T00:00:00Z,2015-12-31T00:00:00Z,2015-12-31T00:00:00Z,M3M,358,FALSE
15 140383,0,New Building,Self-Service Storage Building,2015-04-14T00:00:00Z,2016-03-08T00:00:00Z,2016-03-08T00:00:00Z,M1C,1587.8,FALSE
15 140425,0,New Building,Self-Service Storage Building,2015-04-14T00:00:00Z,2016-03-08T00:00:00Z,2016-03-08T00:00:00Z,M1C,1659.1,FALSE
15 143919,0,New Building,Mixed Use/Res w Non Res,2015-04-20T00:00:00Z,2017-03-29T00:00:00Z,2017-03-29T00:00:00Z,M5B,473.34000000000003,FALSE
15 144491,0,Building Additions/Alterations,Multiple Unit Building,2015-04-21T00:00:00Z,2019-03-13T00:00:00Z,2019-03-13T00:00:00Z,M2N,5361,FALSE
15 150230,0,New Building,Mixed Use/Res w Non Res,2015-05-01T00:00:00Z,2018-10-02T00:00:00Z,2018-10-02T00:00:00Z,M5R,13.1,FALSE
15 151323,0,New Building,Mixed Use/Res w Non Res,2015-05-04T00:00:00Z,2016-12-09T00:00:00Z,2016-12-09T00:00:00Z,M4X,524.2,FALSE
15 174905,0,Small Residential Projects,SFD - Semi-Detached,2015-06-16T00:00:00Z,2015-07-15T00:00:00Z,2015-07-15T00:00:00Z,M5P,38.6,FALSE
15 174944,0,Small Residential Projects,SFD - Semi-Detached,2015-06-16T00:00:00Z,2015-07-15T00:00:00Z,2015-07-15T00:00:00Z,M5P,27.9,FALSE
15 176396,0,New Building,Mixed Use/Res w Non Res,2015-06-18T00:00:00Z,2017-12-07T00:00:00Z,2017-12-07T00:00:00Z,NA,1120,FALSE
15 183406,0,Small Residential Projects,SFD - Detached,2015-06-30T00:00:00Z,2015-08-18T00:00:00Z,2015-08-18T00:00:00Z,M4E,10.31,FALSE
15 201043,0,New Houses,SFD - Townhouse,2015-08-04T00:00:00Z,2017-06-19T00:00:00Z,2017-06-19T00:00:00Z,M4X,890,FALSE
15 202222,0,New Building,Retail Store,2015-08-05T00:00:00Z,2016-08-02T00:00:00Z,2016-08-02T00:00:00Z,M8W,0,FALSE
15 202756,0,New Building,Secondary School,2015-08-06T00:00:00Z,2016-10-28T00:00:00Z,2016-10-28T00:00:00Z,M1J,2565,TRUE
15 206321,0,Building Additions/Alterations,Multiple Use/Non Residential,2015-08-13T00:00:00Z,2020-02-05T00:00:00Z,2020-02-05T00:00:00Z,M6N,0,FALSE
15 219396,0,New Building,Apartment Building,2015-09-08T00:00:00Z,2017-06-30T00:00:00Z,2017-06-30T00:00:00Z,M4E,190,FALSE
15 220175,0,New Building,Mixed Use/Res w Non Res,2015-09-09T00:00:00Z,2017-09-18T00:00:00Z,2017-09-18T00:00:00Z,M5V,514,FALSE
15 222772,0,Building Additions/Alterations,Industrial,2015-09-15T00:00:00Z,2016-11-22T00:00:00Z,2016-11-22T00:00:00Z,M1B,266,FALSE
15 223954,0,Building Additions/Alterations,College/Trade/Tech School/Training Cent.,2015-09-17T00:00:00Z,2016-09-22T00:00:00Z,2016-09-22T00:00:00Z,M3K,1183,FALSE
15 224200,0,Building Additions/Alterations,Retail Store,2015-09-17T00:00:00Z,2016-12-20T00:00:00Z,2016-12-20T00:00:00Z,M6A,0,FALSE
15 224387,0,New Building,Medical/Dental Office,2015-09-17T00:00:00Z,2016-07-07T00:00:00Z,2016-07-07T00:00:00Z,M1B,914,FALSE
15 224973,0,New Houses,SFD - Detached,2015-09-18T00:00:00Z,2015-10-21T00:00:00Z,2015-10-21T00:00:00Z,M2N,460.15000000000003,FALSE
15 228084,0,New Building,Apartment Building,2015-09-24T00:00:00Z,2018-07-20T00:00:00Z,2018-07-20T00:00:00Z,NA,1682,FALSE
15 234807,0,Building Additions/Alterations,Elementary School,2015-10-08T00:00:00Z,2016-01-14T00:00:00Z,2016-01-14T00:00:00Z,M9P,0,FALSE
15 237835,0,New Building,Apartment Building,2015-10-15T00:00:00Z,2018-01-15T00:00:00Z,2018-01-15T00:00:00Z,M4C,1099,FALSE
15 240559,0,New Building,Warehouse,2015-10-21T00:00:00Z,2016-06-28T00:00:00Z,2016-06-28T00:00:00Z,NA,1536.3,FALSE
15 259197,0,New Building,Mixed Use/Res w Non Res,2015-12-01T00:00:00Z,2021-09-17T00:00:00Z,2021-09-17T00:00:00Z,NA,230.68,FALSE
15 261547,0,New Building,Nursing Home Facility,2015-12-07T00:00:00Z,2018-06-13T00:00:00Z,2018-06-13T00:00:00Z,M1L,2471,FALSE
15 266821,2,Small Residential Projects,SFD - Detached,2018-04-16T00:00:00Z,2018-05-17T00:00:00Z,2018-05-17T00:00:00Z,M4V,23,FALSE
15 267631,0,New Building,Mixed Use/Res w Non Res,2015-12-21T00:00:00Z,2018-12-11T00:00:00Z,2018-12-11T00:00:00Z,M4Y,722,FALSE
15 268063,0,New Building,Mixed Use/Res w Non Res,2015-12-22T00:00:00Z,2017-12-01T00:00:00Z,2017-12-01T00:00:00Z,M4E,220,FALSE
16 103087,0,Building Additions/Alterations,Multiple Unit Building,2016-01-11T00:00:00Z,2017-11-15T00:00:00Z,2017-11-15T00:00:00Z,M4W,0,FALSE
16 108693,0,New Building,Apartment Building,2016-01-26T00:00:00Z,2017-01-17T00:00:00Z,2017-01-17T00:00:00Z,NA,236.76,FALSE
16 113513,0,Building Additions/Alterations,Community Hall,2016-02-05T00:00:00Z,2016-07-28T00:00:00Z,2016-07-28T00:00:00Z,M4X,1051,FALSE
16 114860,0,New Building,Mixed Use/Res w Non Res,2016-02-09T00:00:00Z,2017-06-09T00:00:00Z,2017-06-09T00:00:00Z,M5B,1142,FALSE
16 117393,0,Building Additions/Alterations,Retail Store,2016-02-17T00:00:00Z,2016-06-22T00:00:00Z,2016-06-22T00:00:00Z,M9C,1740.52,FALSE
16 118117,0,New Building,Mixed Use/Res w Non Res,2016-02-18T00:00:00Z,2019-09-09T00:00:00Z,2019-09-09T00:00:00Z,M4T,245.6,FALSE
16 118607,0,New Building,Multiple Use/Non Residential,2016-02-19T00:00:00Z,2017-07-05T00:00:00Z,2017-07-05T00:00:00Z,M6G,353,FALSE
16 120031,0,New Building,Industrial,2016-02-24T00:00:00Z,2020-08-07T00:00:00Z,2020-08-07T00:00:00Z,M6M,15300,FALSE
16 123263,0,New Building,Apartment Building,2016-03-03T00:00:00Z,2018-04-18T00:00:00Z,2018-04-18T00:00:00Z,NA,2100,FALSE
16 127281,0,New Building,Mixed Use/Res w Non Res,2016-03-14T00:00:00Z,2020-05-12T00:00:00Z,2020-05-12T00:00:00Z,M5A,1768,FALSE
16 127450,0,Building Additions/Alterations,Multiple Use/Non Residential,2016-03-14T00:00:00Z,2016-08-19T00:00:00Z,2016-08-19T00:00:00Z,M8X,624,FALSE
16 137689,0,New Building,Industrial,2016-04-08T00:00:00Z,2018-03-20T00:00:00Z,2018-03-20T00:00:00Z,M8Z,3007.94,FALSE
16 138508,0,Building Additions/Alterations,Elementary School,2016-04-11T00:00:00Z,2018-05-10T00:00:00Z,2018-05-10T00:00:00Z,M2M,710,FALSE
16 139867,0,New Building,Elementary School,2016-04-13T00:00:00Z,2017-03-13T00:00:00Z,2017-03-13T00:00:00Z,M2N,1127,FALSE
16 145537,0,New Building,Multiple Use/Non Residential,2016-04-25T00:00:00Z,2018-08-30T00:00:00Z,2018-08-30T00:00:00Z,NA,560,FALSE
16 147600,0,New Building,Elementary School,2016-04-28T00:00:00Z,2018-01-30T00:00:00Z,2018-01-30T00:00:00Z,M4B,0,FALSE
16 148136,0,New Building,Medical/Dental Office,2016-04-29T00:00:00Z,2017-06-29T00:00:00Z,2017-06-29T00:00:00Z,M9V,1500,FALSE
16 149784,0,New Building,Apartment Building,2016-05-03T00:00:00Z,2018-05-10T00:00:00Z,2018-05-10T00:00:00Z,M6R,1000,FALSE
16 155075,0,Small Residential Projects,SFD - Semi-Detached,2016-05-13T00:00:00Z,2016-06-16T00:00:00Z,2016-06-16T00:00:00Z,M5T,65.42,TRUE
16 158308,0,New Building,Retail Store,2016-05-19T00:00:00Z,2017-02-16T00:00:00Z,2017-02-16T00:00:00Z,NA,660,FALSE
16 158573,0,New Building,Apartment Building,2016-05-19T00:00:00Z,2018-04-13T00:00:00Z,2018-04-13T00:00:00Z,M2K,821,FALSE
16 159450,0,New Building,Mixed Use/Res w Non Res,2016-05-20T00:00:00Z,2018-01-29T00:00:00Z,2018-01-29T00:00:00Z,M5V,1332,FALSE
16 166105,0,New Building,Multiple Use/Non Residential,2016-06-01T00:00:00Z,2017-11-22T00:00:00Z,2017-11-22T00:00:00Z,M6K,520,FALSE
16 169317,0,New Building,Apartment Building,2016-06-07T00:00:00Z,2018-07-26T00:00:00Z,2018-07-26T00:00:00Z,M4V,316.2,FALSE
16 173117,0,New Building,Mixed Use/Res w Non Res,2016-06-13T00:00:00Z,2017-07-04T00:00:00Z,2017-07-04T00:00:00Z,M5A,400,FALSE
16 178022,0,Building Additions/Alterations,Hospital,2016-06-21T00:00:00Z,2018-11-16T00:00:00Z,2018-11-16T00:00:00Z,M9V,4554,FALSE
16 178139,0,New Building,Multiple Use/Non Residential,2016-06-21T00:00:00Z,2017-02-03T00:00:00Z,2017-02-03T00:00:00Z,M1B,349.5,FALSE
16 180989,0,New Building,Mixed Use/Res w Non Res,2016-06-27T00:00:00Z,2018-01-08T00:00:00Z,2018-01-08T00:00:00Z,M5T,1154,FALSE
16 189230,0,Building Additions/Alterations,Office,2016-07-12T00:00:00Z,2016-08-08T00:00:00Z,2016-08-08T00:00:00Z,M5H,226.3,FALSE
16 191842,0,New Building,Multiple Use/Non Residential,2016-07-15T00:00:00Z,2016-11-02T00:00:00Z,2016-11-02T00:00:00Z,M9L,14595.3,FALSE
16 200691,0,New Building,Mixed Use/Res w Non Res,2016-08-03T00:00:00Z,2019-08-14T00:00:00Z,2019-08-14T00:00:00Z,M4P,664.8399999999999,FALSE
16 203424,0,New Houses,SFD - Detached,2016-08-08T00:00:00Z,2017-03-14T00:00:00Z,2017-03-14T00:00:00Z,M3C,58,FALSE
16 211134,0,New Building,Mixed Use/Res w Non Res,2016-08-22T00:00:00Z,2019-08-19T00:00:00Z,2019-08-19T00:00:00Z,M5T,188.88000000000002,FALSE
16 212548,0,New Building,Mixed Use/Res w Non Res,2016-08-24T00:00:00Z,2020-08-25T00:00:00Z,2020-08-25T00:00:00Z,NA,595.6,FALSE
16 217011,1,New Houses,SFD - Townhouse,2017-01-26T00:00:00Z,2017-12-01T00:00:00Z,2017-12-01T00:00:00Z,M5N,5.6,FALSE
16 220103,0,New Building,Elementary School,2016-09-09T00:00:00Z,2018-05-02T00:00:00Z,2018-05-02T00:00:00Z,M5N,1063,TRUE
16 223100,0,New Building,Office,2016-09-15T00:00:00Z,2020-08-11T00:00:00Z,2020-08-11T00:00:00Z,M6M,876,FALSE
16 234974,0,New Building,"Transit Station,Subway, Bus Terminal",2016-10-08T00:00:00Z,2021-01-04T00:00:00Z,2021-01-04T00:00:00Z,NA,461.7,FALSE
16 238098,0,New Building,Mixed Use/Res w Non Res,2016-10-17T00:00:00Z,2019-01-25T00:00:00Z,2019-01-25T00:00:00Z,M4S,523,FALSE
16 239802,0,New Houses,SFD - Detached,2016-10-19T00:00:00Z,2016-11-08T00:00:00Z,2016-11-08T00:00:00Z,M4K,18.95,TRUE
16 243139,0,New Building,College/Trade/Tech School/Training Cent.,2016-10-26T00:00:00Z,2018-03-12T00:00:00Z,2018-03-12T00:00:00Z,M2J,2038,FALSE
16 248931,0,Building Additions/Alterations,Multiple Unit Building,2016-11-09T00:00:00Z,2018-06-22T00:00:00Z,2018-06-22T00:00:00Z,M5G,393,FALSE
16 249200,0,New Building,Mixed Use/Res w Non Res,2016-11-09T00:00:00Z,2019-10-17T00:00:00Z,2019-10-17T00:00:00Z,M4S,919,FALSE
16 253042,0,New Building,Mixed Use/Res w Non Res,2016-11-18T00:00:00Z,2018-12-04T00:00:00Z,2018-12-04T00:00:00Z,M4M,615.12,FALSE
16 264881,0,Building Additions/Alterations,Multiple Use/Non Residential,2016-12-15T00:00:00Z,2019-09-18T00:00:00Z,2019-09-18T00:00:00Z,NA,964,FALSE
16 265356,0,New Building,Mixed Use/Res w Non Res,2016-12-16T00:00:00Z,2020-03-13T00:00:00Z,2020-03-13T00:00:00Z,M4L,292.3,FALSE
16 268347,0,New Building,Mixed Use/Res w Non Res,2016-12-19T00:00:00Z,2019-03-01T00:00:00Z,2019-03-01T00:00:00Z,NA,352,FALSE
16 268553,0,New Building,Apartment Building,2016-12-19T00:00:00Z,2018-12-12T00:00:00Z,2018-12-12T00:00:00Z,M2J,616,FALSE
16 269090,0,New Building,Apartment Building,2016-12-20T00:00:00Z,2019-03-19T00:00:00Z,2019-03-19T00:00:00Z,M2N,7071,FALSE
16 269471,0,New Building,Multiple Use/Non Residential,2016-12-21T00:00:00Z,2018-01-11T00:00:00Z,2018-01-11T00:00:00Z,NA,3870,TRUE
16 269625,0,New Building,Parking Garage,2016-12-21T00:00:00Z,2019-09-10T00:00:00Z,2019-09-10T00:00:00Z,M2K,495,FALSE
16 269628,0,New Building,Apartment Building,2016-12-21T00:00:00Z,2019-06-18T00:00:00Z,2019-06-18T00:00:00Z,M2K,495,FALSE
16 270269,0,New Building,Mixed Use/Res w Non Res,2016-12-22T00:00:00Z,2020-06-05T00:00:00Z,2020-06-05T00:00:00Z,NA,542,FALSE
16 270372,0,New Building,Apartment Building,2016-12-23T00:00:00Z,2019-11-01T00:00:00Z,2019-11-01T00:00:00Z,M3C,275,FALSE
16 270387,0,New Building,Community Hall,2016-12-23T00:00:00Z,2020-09-30T00:00:00Z,2020-09-30T00:00:00Z,NA,502,FALSE
16 270409,0,New Building,Mixed Use/Res w Non Res,2016-12-23T00:00:00Z,2019-03-29T00:00:00Z,2019-03-29T00:00:00Z,M9B,1208,FALSE
16 270461,0,New Building,Parking Garage,2016-12-23T00:00:00Z,2020-09-03T00:00:00Z,2020-09-03T00:00:00Z,NA,502,FALSE
16 271136,0,New Building,Apartment Building,2016-12-28T00:00:00Z,2019-09-17T00:00:00Z,2019-09-17T00:00:00Z,M1N,59.13,FALSE
16 271737,0,New Building,Parking Garage,2016-12-29T00:00:00Z,2020-05-11T00:00:00Z,2020-05-11T00:00:00Z,M3H,1379,FALSE
16 271755,0,New Building,Apartment Building,2016-12-29T00:00:00Z,2022-03-18T00:00:00Z,2022-03-18T00:00:00Z,M3A,1077.74,FALSE
16 271760,0,New Building,Apartment Building,2016-12-29T00:00:00Z,2022-04-01T00:00:00Z,2022-04-01T00:00:00Z,M3A,1077.74,FALSE
16 271844,0,New Building,Apartment Building,2016-12-30T00:00:00Z,2020-05-11T00:00:00Z,2020-05-11T00:00:00Z,M3H,670,FALSE
16 271882,0,New Building,Apartment Building,2016-12-30T00:00:00Z,2020-05-12T00:00:00Z,2020-05-12T00:00:00Z,M3H,670,FALSE
17 103169,0,New Building,Office,2017-01-11T00:00:00Z,2017-12-27T00:00:00Z,2017-12-27T00:00:00Z,M9M,2818,FALSE
17 106776,0,Building Additions/Alterations,University,2017-01-20T00:00:00Z,2018-09-18T00:00:00Z,2018-09-18T00:00:00Z,M5B,220,FALSE
17 108412,0,New Building,Mixed Use/Res w Non Res,2017-01-24T00:00:00Z,2020-03-13T00:00:00Z,2020-03-13T00:00:00Z,M6K,1475.94,FALSE
17 112433,0,New Building,Mixed Use/Res w Non Res,2017-02-02T00:00:00Z,2019-02-01T00:00:00Z,2019-02-01T00:00:00Z,NA,377,FALSE
17 115656,0,New Building,Apartment Building,2017-02-10T00:00:00Z,2018-11-06T00:00:00Z,2018-11-06T00:00:00Z,NA,779,FALSE
17 123809,0,New Building,Mixed Use/Res w Non Res,2017-03-02T00:00:00Z,2018-11-13T00:00:00Z,2018-11-13T00:00:00Z,M4Y,643,FALSE
17 126828,0,New Building,Apartment Building,2017-03-09T00:00:00Z,2019-07-08T00:00:00Z,2019-07-08T00:00:00Z,M4P,315.9,FALSE
17 135122,0,New Building,Retail Store,2017-03-28T00:00:00Z,2018-02-20T00:00:00Z,2018-02-20T00:00:00Z,M4H,0,FALSE
17 137140,0,New Building,Multiple Use/Non Residential,2017-03-31T00:00:00Z,2022-06-16T00:00:00Z,2022-06-16T00:00:00Z,NA,3997,FALSE
17 139036,0,New Building,Office,2017-04-04T00:00:00Z,2017-11-09T00:00:00Z,2017-11-09T00:00:00Z,M9W,1005,FALSE
17 143336,0,New Building,Apartment Building,2017-04-12T00:00:00Z,2019-07-23T00:00:00Z,2019-07-23T00:00:00Z,M4V,522.6,FALSE
17 145594,0,Building Additions/Alterations,Other,2017-04-19T00:00:00Z,2018-10-31T00:00:00Z,2018-10-31T00:00:00Z,M5N,485.40999999999997,FALSE
17 145892,0,Building Additions/Alterations,Other,2017-04-19T00:00:00Z,2019-01-31T00:00:00Z,2019-01-31T00:00:00Z,M5N,172.41,FALSE
17 146470,0,New Building,Car Dealership,2017-04-20T00:00:00Z,2017-07-21T00:00:00Z,2017-07-21T00:00:00Z,M8Z,511.82,FALSE
17 146470,1,New Building,Car Dealership,2017-11-17T00:00:00Z,2018-07-24T00:00:00Z,2018-07-24T00:00:00Z,M8Z,511.82,FALSE
17 150494,0,New Building,Apartment Building,2017-04-27T00:00:00Z,2019-08-28T00:00:00Z,2019-08-28T00:00:00Z,M4S,54.8,FALSE
17 151586,0,New Building,Car Dealership,2017-04-30T00:00:00Z,2017-07-21T00:00:00Z,2017-07-21T00:00:00Z,M8Z,772.47,FALSE
17 151586,1,New Building,Car Dealership,2017-11-23T00:00:00Z,2018-07-24T00:00:00Z,2018-07-24T00:00:00Z,M8Z,772.47,FALSE
17 154652,0,New Building,Apartment Building,2017-05-05T00:00:00Z,2020-02-19T00:00:00Z,2020-02-19T00:00:00Z,NA,290,FALSE
17 156469,0,New Building,Mixed Use/Res w Non Res,2017-05-09T00:00:00Z,2021-08-04T00:00:00Z,2021-08-04T00:00:00Z,M4C,365,FALSE
17 157021,0,New Building,Mixed Use/Res w Non Res,2017-05-09T00:00:00Z,2021-07-30T00:00:00Z,2021-07-30T00:00:00Z,M6C,231.7,FALSE
17 157555,0,New Building,Mixed Use/Res w Non Res,2017-05-10T00:00:00Z,2021-01-12T00:00:00Z,2021-01-12T00:00:00Z,M5B,591,FALSE
17 157681,0,New Building,Apartment Building,2017-05-10T00:00:00Z,2021-07-05T00:00:00Z,2021-07-05T00:00:00Z,M8V,8,FALSE
17 163529,1,New Houses,SFD - Townhouse,2018-01-09T00:00:00Z,2018-10-29T00:00:00Z,2018-10-29T00:00:00Z,M6J,30.2,FALSE
17 171433,0,New Building,Apartment Building,2017-06-01T00:00:00Z,2020-08-18T00:00:00Z,2020-08-18T00:00:00Z,M2J,1016,FALSE
17 174937,0,Building Additions/Alterations,Multiple Use/Non Residential,2017-06-07T00:00:00Z,2022-08-22T00:00:00Z,2022-08-22T00:00:00Z,M5T,199.3,FALSE
17 187709,0,New Building,Apartment Building,2017-06-26T00:00:00Z,2020-09-23T00:00:00Z,2020-09-23T00:00:00Z,M9B,360,FALSE
17 189372,0,New Building,Multiple Use/Non Residential,2017-06-28T00:00:00Z,2021-06-28T00:00:00Z,2021-06-28T00:00:00Z,M4Y,584.2,FALSE
17 193542,0,New Building,Apartment Building,2017-07-06T00:00:00Z,2018-12-10T00:00:00Z,2018-12-10T00:00:00Z,M8X,205,FALSE
17 193682,0,Building Additions/Alterations,Self-Service Storage Building,2017-07-06T00:00:00Z,2018-02-27T00:00:00Z,2018-02-27T00:00:00Z,M9W,4750.1,FALSE
17 194078,0,New Building,Community Hall,2017-07-07T00:00:00Z,2019-04-05T00:00:00Z,2019-04-05T00:00:00Z,M2R,1343.6,FALSE
17 194523,0,New Building,Mixed Use/Res w Non Res,2017-07-07T00:00:00Z,2019-12-16T00:00:00Z,2019-12-16T00:00:00Z,M5A,804.9,FALSE
17 195296,0,New Building,Multiple Use/Non Residential,2017-07-10T00:00:00Z,2018-10-03T00:00:00Z,2018-10-03T00:00:00Z,M5J,1258,FALSE
17 197737,0,Small Residential Projects,SFD - Detached,2017-07-13T00:00:00Z,2017-07-31T00:00:00Z,2017-07-31T00:00:00Z,M6S,19.5,TRUE
17 208554,0,New Houses,2 Unit - Detached,2017-07-31T00:00:00Z,2017-11-13T00:00:00Z,2017-11-13T00:00:00Z,M6C,87.04,TRUE
17 209437,0,Building Additions/Alterations,Elementary School,2017-08-01T00:00:00Z,2018-07-30T00:00:00Z,2018-07-30T00:00:00Z,M2N,1108,FALSE
17 226807,0,New Building,Mixed Use/Res w Non Res,2017-09-01T00:00:00Z,2020-09-11T00:00:00Z,2020-09-11T00:00:00Z,NA,1235,FALSE
17 227808,0,New Building,Mixed Use/Res w Non Res,2017-09-05T00:00:00Z,2019-03-06T00:00:00Z,2019-03-06T00:00:00Z,NA,771,FALSE
17 229679,0,New Building,Apartment Building,2017-09-08T00:00:00Z,2018-12-04T00:00:00Z,2018-12-04T00:00:00Z,M1W,388,FALSE
17 230854,0,New Building,Hospital,2017-09-11T00:00:00Z,2019-12-19T00:00:00Z,2019-12-19T00:00:00Z,M6J,2305.2799999999997,FALSE
17 230862,0,New Building,Hospital,2017-09-11T00:00:00Z,2019-12-19T00:00:00Z,2019-12-19T00:00:00Z,M6J,1830.26,FALSE
17 237216,0,New Building,Mixed Use/Res w Non Res,2017-09-22T00:00:00Z,2021-01-07T00:00:00Z,2021-01-07T00:00:00Z,M5A,45.99,FALSE
17 241140,0,New Houses,SFD - Semi-Detached,2017-09-29T00:00:00Z,2017-10-19T00:00:00Z,2017-10-19T00:00:00Z,M4C,170.70999999999998,FALSE
17 242286,0,Small Residential Projects,SFD - Semi-Detached,2017-10-03T00:00:00Z,2018-02-08T00:00:00Z,2018-02-08T00:00:00Z,M4E,12.229999999999999,TRUE
17 250873,0,New Building,Mixed Use/Res w Non Res,2017-10-20T00:00:00Z,2021-10-14T00:00:00Z,2021-10-14T00:00:00Z,M5A,1327.6,FALSE
17 252314,0,Building Additions/Alterations,Television Studio(no audience),2017-10-24T00:00:00Z,2018-01-08T00:00:00Z,2018-01-08T00:00:00Z,M8Z,0,FALSE
17 255605,0,New Building,Multiple Use/Non Residential,2017-10-31T00:00:00Z,2020-04-08T00:00:00Z,2020-04-08T00:00:00Z,M5E,2412,FALSE
17 266912,0,New Building,Mixed Use/Res w Non Res,2017-11-24T00:00:00Z,2021-01-11T00:00:00Z,2021-01-11T00:00:00Z,NA,918,FALSE
17 269695,0,New Building,Apartment Building,2017-11-30T00:00:00Z,2020-10-30T00:00:00Z,2020-10-30T00:00:00Z,M4P,216,FALSE
17 269706,0,New Building,Mixed Use/Res w Non Res,2017-11-30T00:00:00Z,2020-08-10T00:00:00Z,2020-08-10T00:00:00Z,M5A,2378,FALSE
17 269959,0,New Building,Apartment Building,2017-12-01T00:00:00Z,2021-07-15T00:00:00Z,2021-07-15T00:00:00Z,NA,670,FALSE
17 275140,0,Small Residential Projects,SFD - Detached,2017-12-13T00:00:00Z,2018-02-05T00:00:00Z,2018-02-05T00:00:00Z,M4W,32.43,FALSE
17 277785,0,New Building,Mixed Use/Res w Non Res,2017-12-20T00:00:00Z,2020-07-21T00:00:00Z,2020-07-21T00:00:00Z,NA,88,FALSE
17 278452,0,New Building,Mixed Use/Res w Non Res,2017-12-21T00:00:00Z,2020-08-18T00:00:00Z,2020-08-18T00:00:00Z,M6J,261,FALSE
17 278638,0,New Building,Mixed Use/Res w Non Res,2017-12-22T00:00:00Z,2020-06-26T00:00:00Z,2020-06-26T00:00:00Z,NA,652,FALSE
17 278653,0,New Building,Apartment Building,2017-12-22T00:00:00Z,2020-06-18T00:00:00Z,2020-06-18T00:00:00Z,M5A,117.61,FALSE
17 278727,0,New Building,Mixed Use/Res w Non Res,2017-12-22T00:00:00Z,2021-04-12T00:00:00Z,2021-04-12T00:00:00Z,M5V,194.4,FALSE
17 279918,0,New Building,Mixed Use/Res w Non Res,2017-12-28T00:00:00Z,2023-11-06T00:00:00Z,2023-11-06T00:00:00Z,NA,519,FALSE
18 112082,0,Small Residential Projects,SFD - Townhouse,2018-01-31T00:00:00Z,2018-03-22T00:00:00Z,2018-03-22T00:00:00Z,M6J,70.09,TRUE
18 115481,0,New Building,Mixed Use/Res w Non Res,2018-02-09T00:00:00Z,2022-07-26T00:00:00Z,2022-07-26T00:00:00Z,NA,34.2,FALSE
18 123249,0,New Building,Apartment Building,2018-03-01T00:00:00Z,2019-09-26T00:00:00Z,2019-09-26T00:00:00Z,NA,764,FALSE
18 124809,0,New Building,Mixed Use/Res w Non Res,2018-03-05T00:00:00Z,2021-01-04T00:00:00Z,2021-01-04T00:00:00Z,M6G,2707,FALSE
18 124890,0,New Building,Mixed Use/Res w Non Res,2018-03-05T00:00:00Z,2022-03-30T00:00:00Z,2022-03-30T00:00:00Z,M6P,721.09,FALSE
18 126210,0,New Building,Apartment Building,2018-03-07T00:00:00Z,2019-07-30T00:00:00Z,2019-07-30T00:00:00Z,M9B,792.65,FALSE
18 127178,0,New Building,Mixed Use/Res w Non Res,2018-03-09T00:00:00Z,2021-01-15T00:00:00Z,2021-01-15T00:00:00Z,M6R,221,FALSE
18 131106,0,New Building,Mixed Use/Res w Non Res,2018-03-19T00:00:00Z,2019-04-17T00:00:00Z,2019-04-17T00:00:00Z,M5T,158.05,FALSE
18 139187,0,New Building,Self-Service Storage Building,2018-04-05T00:00:00Z,2018-07-20T00:00:00Z,2018-07-20T00:00:00Z,M3L,609,FALSE
18 140369,0,New Building,Mixed Use/Res w Non Res,2018-04-09T00:00:00Z,NA,NA,M5V,1244,FALSE
18 153429,1,Building Additions/Alterations,University,2019-09-04T00:00:00Z,2021-05-14T00:00:00Z,2021-05-14T00:00:00Z,NA,971,FALSE
18 153499,0,New Building,Apartment Building,2018-05-04T00:00:00Z,2020-10-16T00:00:00Z,2020-10-16T00:00:00Z,M2N,192.76,FALSE
18 158929,0,New Building,Apartment Building,2018-05-15T00:00:00Z,2020-05-11T00:00:00Z,2020-05-11T00:00:00Z,NA,326.9,FALSE
18 159944,0,New Building,Warehouse,2018-05-16T00:00:00Z,2020-12-15T00:00:00Z,2020-12-15T00:00:00Z,NA,0,FALSE
18 162734,0,New Building,Mixed Use/Res w Non Res,2018-05-22T00:00:00Z,2021-04-12T00:00:00Z,2021-04-12T00:00:00Z,M6K,570,FALSE
18 169179,0,New Building,Elementary School,2018-05-31T00:00:00Z,2019-10-25T00:00:00Z,2019-10-25T00:00:00Z,M4S,305,FALSE
18 171824,0,Building Additions/Alterations,Motel/Hotel,2018-06-05T00:00:00Z,2019-09-09T00:00:00Z,2019-09-09T00:00:00Z,M6J,228,FALSE
18 171911,0,Building Additions/Alterations,Multiple Unit Building,2018-06-05T00:00:00Z,2020-09-04T00:00:00Z,2020-09-04T00:00:00Z,M4M,128,FALSE
18 173148,1,Small Residential Projects,SFD - Detached,2019-04-16T00:00:00Z,2019-05-07T00:00:00Z,2019-05-07T00:00:00Z,M4K,20,FALSE
18 174427,2,Small Residential Projects,SFD - Detached,2019-03-01T00:00:00Z,2019-03-13T00:00:00Z,2019-03-13T00:00:00Z,M4K,54.75,TRUE
18 178959,0,Building Additions/Alterations,Multiple Unit Building,2018-06-15T00:00:00Z,2019-08-12T00:00:00Z,2019-08-12T00:00:00Z,M4Y,461.5,FALSE
18 182655,0,New Building,Mixed Use/Res w Non Res,2018-06-21T00:00:00Z,2019-11-14T00:00:00Z,2019-11-14T00:00:00Z,M5A,32,FALSE
18 183105,0,Small Residential Projects,SFD - Detached,2018-06-22T00:00:00Z,2018-07-11T00:00:00Z,2018-07-11T00:00:00Z,M6H,19,TRUE
18 186008,0,Small Residential Projects,SFD - Detached,2018-06-28T00:00:00Z,2018-07-24T00:00:00Z,2018-07-24T00:00:00Z,M2P,58.99,FALSE
18 188106,0,Building Additions/Alterations,Performing Arts Centre,2018-07-03T00:00:00Z,2020-12-23T00:00:00Z,2020-12-23T00:00:00Z,NA,306.4,FALSE
18 189065,0,New Building,Apartment Building,2018-07-05T00:00:00Z,2019-10-25T00:00:00Z,2019-10-25T00:00:00Z,M2J,691,FALSE
18 191444,0,New Building,Self-Service Storage Building,2018-07-10T00:00:00Z,2019-02-04T00:00:00Z,2019-02-04T00:00:00Z,M6A,320,FALSE
18 192804,0,Small Residential Projects,SFD - Semi-Detached,2018-07-12T00:00:00Z,2018-08-15T00:00:00Z,2018-08-15T00:00:00Z,M6R,35.839999999999996,FALSE
18 193181,0,New Building,Mixed Use/Res w Non Res,2018-07-12T00:00:00Z,2020-06-02T00:00:00Z,2020-06-02T00:00:00Z,M4S,440,FALSE
18 200694,0,New Building,Apartment Building,2018-07-27T00:00:00Z,2019-08-12T00:00:00Z,2019-08-12T00:00:00Z,M4G,423.71,FALSE
18 202583,0,New Building,Apartment Building,2018-07-31T00:00:00Z,2020-07-24T00:00:00Z,2020-07-24T00:00:00Z,NA,419.5,FALSE
18 203561,0,New Building,Apartment Building,2018-08-02T00:00:00Z,2021-03-30T00:00:00Z,2021-03-30T00:00:00Z,M5V,681,FALSE
18 203577,0,New Building,Apartment Building,2018-08-02T00:00:00Z,2021-05-18T00:00:00Z,2021-05-18T00:00:00Z,NA,1127,FALSE
18 203594,0,New Building,Apartment Building,2018-08-02T00:00:00Z,2021-06-14T00:00:00Z,2021-06-14T00:00:00Z,NA,1364,FALSE
18 205049,0,New Building,Multiple Use/Non Residential,2018-08-07T00:00:00Z,2019-12-19T00:00:00Z,2019-12-19T00:00:00Z,NA,744.2,FALSE
18 205049,2,New Building,Multiple Use/Non Residential,2020-07-22T00:00:00Z,2021-03-09T00:00:00Z,2021-03-09T00:00:00Z,NA,658.1,FALSE
18 211089,0,New Building,Self-Service Storage Building,2018-08-17T00:00:00Z,2020-05-28T00:00:00Z,2020-05-28T00:00:00Z,M4C,3800,FALSE
18 218777,0,New Building,Multiple Use/Non Residential,2018-08-31T00:00:00Z,2020-01-22T00:00:00Z,2020-01-22T00:00:00Z,M5V,174.8,FALSE
18 223464,0,New Building,Mixed Use/Res w Non Res,2018-09-11T00:00:00Z,2021-10-29T00:00:00Z,2021-10-29T00:00:00Z,M4G,992.6,FALSE
18 223770,0,New Building,Multiple Use/Non Residential,2018-09-11T00:00:00Z,2020-04-29T00:00:00Z,2020-04-29T00:00:00Z,M5A,756,FALSE
18 223823,0,New Building,Apartment Building,2018-09-11T00:00:00Z,2020-10-29T00:00:00Z,2020-10-29T00:00:00Z,M1P,590.9599999999999,FALSE
18 224307,0,Small Residential Projects,SFD - Semi-Detached,2018-09-12T00:00:00Z,2018-10-12T00:00:00Z,2018-10-12T00:00:00Z,M6G,9.209999999999999,TRUE
18 224507,0,New Building,Industrial,2018-09-12T00:00:00Z,2019-06-14T00:00:00Z,2019-06-14T00:00:00Z,NA,1045,FALSE
18 233562,0,New Building,Mixed Use/Res w Non Res,2018-09-28T00:00:00Z,2023-08-31T00:00:00Z,2023-08-31T00:00:00Z,M2M,1096,FALSE
18 236859,0,New Building,Multiple Use/Non Residential,2018-10-03T00:00:00Z,2020-11-10T00:00:00Z,2020-11-10T00:00:00Z,M5J,1467.2,FALSE
18 239978,0,Building Additions/Alterations,Secondary School,2018-10-10T00:00:00Z,2021-03-16T00:00:00Z,2021-03-16T00:00:00Z,M5S,337,FALSE
18 243513,0,Building Additions/Alterations,Self-Service Storage Building,2018-10-16T00:00:00Z,2019-06-27T00:00:00Z,2019-06-27T00:00:00Z,M4A,85.5,FALSE
18 249282,0,Small Residential Projects,3+ Unit - Detached,2018-10-29T00:00:00Z,2019-06-06T00:00:00Z,2019-06-06T00:00:00Z,M6G,29.6,FALSE
18 256875,0,New Building,Mixed Use/Res w Non Res,2018-11-15T00:00:00Z,2019-12-06T00:00:00Z,2019-12-06T00:00:00Z,M5A,2836.25,FALSE
18 259010,0,Building Additions/Alterations,Office,2018-11-21T00:00:00Z,2019-04-09T00:00:00Z,2019-04-09T00:00:00Z,M3C,1000,FALSE
18 259796,0,New Building,Place of Worship,2018-11-22T00:00:00Z,2020-01-09T00:00:00Z,2020-01-09T00:00:00Z,M5M,125,FALSE
18 261990,0,New Building,Office,2018-11-28T00:00:00Z,2022-10-21T00:00:00Z,2022-10-21T00:00:00Z,M5A,1835,FALSE
18 265869,0,New Building,Mixed Use/Res w Non Res,2018-12-07T00:00:00Z,2021-10-15T00:00:00Z,2021-10-15T00:00:00Z,M5V,0,FALSE
18 265872,0,New Building,Apartment Building,2018-12-07T00:00:00Z,2021-10-21T00:00:00Z,2021-10-21T00:00:00Z,NA,0,FALSE
18 268024,0,New Building,Industrial,2018-12-13T00:00:00Z,2019-07-26T00:00:00Z,2019-07-26T00:00:00Z,M6B,100,FALSE
18 269869,0,New Houses,SFD - Detached,2018-12-18T00:00:00Z,2019-02-25T00:00:00Z,2019-02-25T00:00:00Z,M6S,415.64000000000004,FALSE
18 270105,0,New Building,Apartment Building,2018-12-19T00:00:00Z,2021-07-05T00:00:00Z,2021-07-05T00:00:00Z,NA,1262,FALSE
18 270504,0,Small Residential Projects,SFD - Semi-Detached,2018-12-20T00:00:00Z,2019-07-15T00:00:00Z,2019-07-15T00:00:00Z,M5R,50,FALSE
18 270645,0,New Building,Mixed Use/Res w Non Res,2018-12-20T00:00:00Z,2022-04-27T00:00:00Z,2022-04-27T00:00:00Z,M5V,285.4,FALSE
18 270772,0,New Building,Apartment Building,2018-12-20T00:00:00Z,2021-11-16T00:00:00Z,2021-11-16T00:00:00Z,M4S,179,FALSE
18 271276,0,New Building,Apartment Building,2018-12-21T00:00:00Z,2021-03-04T00:00:00Z,2021-03-04T00:00:00Z,M9B,544.6,FALSE
18 271792,0,New Building,Apartment Building,2018-12-24T00:00:00Z,2021-04-23T00:00:00Z,2021-04-23T00:00:00Z,M9B,146.3,FALSE
19 103515,0,New Building,Apartment Building,2019-01-11T00:00:00Z,2021-06-28T00:00:00Z,2021-06-28T00:00:00Z,M5V,944,FALSE
19 103521,0,New Building,Apartment Building,2019-01-11T00:00:00Z,2021-03-25T00:00:00Z,2021-03-25T00:00:00Z,M5V,755.2,FALSE
19 103533,0,New Building,Apartment Building,2019-01-11T00:00:00Z,2021-03-25T00:00:00Z,2021-03-25T00:00:00Z,M5V,539.6,FALSE
19 106047,0,New Building,Car Dealership,2019-01-18T00:00:00Z,2019-10-30T00:00:00Z,2019-10-30T00:00:00Z,M4G,427.2,FALSE
19 118631,0,New Building,Office,2019-02-25T00:00:00Z,2021-08-23T00:00:00Z,2021-08-23T00:00:00Z,M3N,875,FALSE
19 123234,0,New Building,Mixed Use/Res w Non Res,2019-03-08T00:00:00Z,2020-06-08T00:00:00Z,2020-06-08T00:00:00Z,M4E,0,FALSE
19 127846,0,New Building,Recreational,2019-03-19T00:00:00Z,2019-04-16T00:00:00Z,2019-04-16T00:00:00Z,M1S,0,FALSE
19 131067,0,New Building,Crematorium/Cemetary Structure,2019-03-26T00:00:00Z,2020-05-22T00:00:00Z,2020-05-22T00:00:00Z,NA,400,FALSE
19 133677,0,New Building,Mixed Use/Res w Non Res,2019-04-01T00:00:00Z,2021-10-27T00:00:00Z,2021-10-27T00:00:00Z,M4M,1368.2,FALSE
19 139113,0,New Building,Apartment Building,2019-04-11T00:00:00Z,2020-10-05T00:00:00Z,2020-10-05T00:00:00Z,M3M,907.7,FALSE
19 139643,0,New Building,Apartment Building,2019-04-12T00:00:00Z,2021-04-07T00:00:00Z,2021-04-07T00:00:00Z,NA,417,FALSE
19 146652,0,New Building,Apartment Building,2019-04-30T00:00:00Z,2021-05-13T00:00:00Z,2021-05-13T00:00:00Z,NA,567,FALSE
19 147063,0,New Building,Apartment Building,2019-04-30T00:00:00Z,2022-02-23T00:00:00Z,2022-02-23T00:00:00Z,M1G,360,FALSE
19 147174,0,New Building,Apartment Building,2019-04-30T00:00:00Z,2022-02-24T00:00:00Z,2022-02-24T00:00:00Z,M1G,423.5,FALSE
19 149001,0,New Building,Mixed Use/Res w Non Res,2019-05-03T00:00:00Z,2022-03-28T00:00:00Z,2022-03-28T00:00:00Z,M4N,463,FALSE
19 150527,0,Small Residential Projects,2 Unit - Detached,2019-05-07T00:00:00Z,2019-05-28T00:00:00Z,2019-05-28T00:00:00Z,M5A,32,TRUE
19 150993,0,New Building,Apartment Building,2019-05-08T00:00:00Z,2020-09-18T00:00:00Z,2020-09-18T00:00:00Z,M2N,398.86,FALSE
19 153350,0,New Building,Apartment Building,2019-05-13T00:00:00Z,2020-11-18T00:00:00Z,2020-11-18T00:00:00Z,M4P,186,FALSE
19 154620,0,New Building,Mixed Use/Res w Non Res,2019-05-15T00:00:00Z,2021-02-22T00:00:00Z,2021-02-22T00:00:00Z,NA,564,FALSE
19 156908,0,New Building,Apartment Building,2019-05-21T00:00:00Z,2021-04-08T00:00:00Z,2021-04-08T00:00:00Z,NA,1110,FALSE
19 157198,0,New Building,Apartment Building,2019-05-21T00:00:00Z,2021-05-12T00:00:00Z,2021-05-12T00:00:00Z,NA,242.9,FALSE
19 158833,0,New Building,Apartment Building,2019-05-24T00:00:00Z,2021-08-11T00:00:00Z,2021-08-11T00:00:00Z,NA,1381,FALSE
19 158862,0,New Building,Apartment Building,2019-05-24T00:00:00Z,2021-11-19T00:00:00Z,2021-11-19T00:00:00Z,NA,1381,FALSE
19 167031,0,New Houses,SFD - Detached,2019-06-06T00:00:00Z,2019-07-29T00:00:00Z,2019-07-29T00:00:00Z,M8X,330.96,FALSE
19 172738,0,New Building,Car Dealership,2019-06-17T00:00:00Z,2020-05-29T00:00:00Z,2020-05-29T00:00:00Z,M8Z,2140,FALSE
19 173414,0,New Building,Motel/Hotel,2019-06-18T00:00:00Z,2020-12-09T00:00:00Z,2020-12-09T00:00:00Z,M9W,241.5,FALSE
19 177197,0,Small Residential Projects,SFD - Detached,2019-06-24T00:00:00Z,2019-07-17T00:00:00Z,2019-07-17T00:00:00Z,M5R,13.7,FALSE
19 177735,0,New Building,Mixed Use/Res w Non Res,2019-06-25T00:00:00Z,2022-07-07T00:00:00Z,2022-07-07T00:00:00Z,M6P,345,FALSE
19 181445,0,New Building,Mixed Use/Res w Non Res,2019-07-02T00:00:00Z,2022-12-08T00:00:00Z,2022-12-08T00:00:00Z,M9N,365.64000000000004,FALSE
19 186549,0,New Building,Mixed Use/Res w Non Res,2019-07-10T00:00:00Z,2024-03-19T00:00:00Z,2024-03-19T00:00:00Z,M5S,450.8,FALSE
19 189205,0,New Building,Apartment Building,2019-07-15T00:00:00Z,2021-09-29T00:00:00Z,2021-09-29T00:00:00Z,M5V,155,FALSE
19 190150,0,New Houses,SFD - Detached,2019-07-16T00:00:00Z,2019-09-09T00:00:00Z,2019-09-09T00:00:00Z,M9A,332.14000000000004,FALSE
19 190838,0,New Building,Apartment Building,2019-07-17T00:00:00Z,2022-05-13T00:00:00Z,2022-05-13T00:00:00Z,M6B,468,FALSE
19 194559,0,New Building,Mixed Use/Res w Non Res,2019-07-24T00:00:00Z,2021-07-09T00:00:00Z,2021-07-09T00:00:00Z,M6H,416.2,FALSE
19 195141,0,New Building,Apartment Building,2019-07-25T00:00:00Z,2021-06-04T00:00:00Z,2021-06-04T00:00:00Z,NA,567,FALSE
19 199071,0,New Building,"Transit Station,Subway, Bus Terminal",2019-08-01T00:00:00Z,2021-11-18T00:00:00Z,2021-11-18T00:00:00Z,NA,3668.17,FALSE
19 210543,0,New Building,Apartment Building,2019-08-23T00:00:00Z,2022-09-23T00:00:00Z,2022-09-23T00:00:00Z,M6E,373.6,FALSE
19 214191,0,New Building,Apartment Building,2019-08-30T00:00:00Z,2021-01-13T00:00:00Z,2021-01-13T00:00:00Z,M5B,97.48,FALSE
19 218754,0,New Building,Apartment Building,2019-09-10T00:00:00Z,2022-05-06T00:00:00Z,2022-05-06T00:00:00Z,M6N,800,FALSE
19 222530,0,New Building,Multiple Use/Non Residential,2019-09-17T00:00:00Z,2020-04-03T00:00:00Z,2020-04-03T00:00:00Z,M4G,1071.36,FALSE
19 225477,0,New Building,Multiple Use/Non Residential,2019-09-23T00:00:00Z,2021-09-03T00:00:00Z,2021-09-03T00:00:00Z,M6J,161,FALSE
19 228153,0,New Building,Apartment Building,2019-09-27T00:00:00Z,2021-01-05T00:00:00Z,2021-01-05T00:00:00Z,M3H,978,FALSE
19 231069,0,New Building,Industrial,2019-10-02T00:00:00Z,2020-02-06T00:00:00Z,2020-02-06T00:00:00Z,NA,283,FALSE
19 231248,0,New Building,Industrial,2019-10-03T00:00:00Z,2020-02-06T00:00:00Z,2020-02-06T00:00:00Z,NA,294,FALSE
19 233698,3,New Houses,SFD - Detached,2022-01-14T00:00:00Z,2022-02-03T00:00:00Z,2022-02-03T00:00:00Z,M4K,51.6,TRUE
19 235615,0,New Building,Mixed Use/Res w Non Res,2019-10-11T00:00:00Z,2022-09-27T00:00:00Z,2022-09-27T00:00:00Z,M5V,567,FALSE
19 239718,0,New Building,Office,2019-10-22T00:00:00Z,2021-04-29T00:00:00Z,2021-04-29T00:00:00Z,M5G,836,FALSE
19 240547,0,New Building,Office,2019-10-24T00:00:00Z,2024-06-27T00:00:00Z,2024-06-27T00:00:00Z,NA,460,FALSE
19 242126,0,New Building,"Transit Station,Subway, Bus Terminal",2019-10-28T00:00:00Z,2023-12-15T00:00:00Z,2023-12-15T00:00:00Z,M3J,160.91,FALSE
19 247862,0,New Building,Industrial,2019-11-12T00:00:00Z,2020-07-10T00:00:00Z,2020-07-10T00:00:00Z,M8Z,712.8,FALSE
19 247871,0,New Building,Industrial,2019-11-12T00:00:00Z,2020-07-10T00:00:00Z,2020-07-10T00:00:00Z,M8Z,633.6,FALSE
19 247873,0,New Building,Industrial,2019-11-12T00:00:00Z,2020-07-10T00:00:00Z,2020-07-10T00:00:00Z,M8Z,712.8,FALSE
19 247884,0,New Building,Industrial,2019-11-12T00:00:00Z,2020-07-10T00:00:00Z,2020-07-10T00:00:00Z,M8Z,1830.31,FALSE
19 254279,0,New Building,Mixed Use/Res w Non Res,2019-11-27T00:00:00Z,2023-01-19T00:00:00Z,2023-01-19T00:00:00Z,M3H,2815,FALSE
19 254476,0,New Building,Mixed Use/Res w Non Res,2019-11-27T00:00:00Z,2022-11-01T00:00:00Z,2022-11-01T00:00:00Z,M3H,369.02,FALSE
19 256079,0,New Building,Place of Worship,2019-12-02T00:00:00Z,2023-11-06T00:00:00Z,2023-11-06T00:00:00Z,M4P,131,FALSE
19 260585,0,New Building,Mixed Use/Res w Non Res,2019-12-12T00:00:00Z,2023-02-06T00:00:00Z,2023-02-06T00:00:00Z,M6C,797.6,FALSE
19 262243,0,New Building,Apartment Building,2019-12-17T00:00:00Z,2021-10-04T00:00:00Z,2021-10-04T00:00:00Z,M5A,421,FALSE
19 263364,0,New Building,Mixed Use/Res w Non Res,2019-12-19T00:00:00Z,2024-12-27T00:00:00Z,2024-12-27T00:00:00Z,M5V,108.7,FALSE
19 263615,0,New Building,Apartment Building,2019-12-20T00:00:00Z,2022-04-28T00:00:00Z,2022-04-28T00:00:00Z,M8X,259.1,FALSE
19 263742,0,New Building,Mixed Use/Res w Non Res,2019-12-20T00:00:00Z,2023-05-05T00:00:00Z,2023-05-05T00:00:00Z,M5A,2164.4,FALSE
19 264650,0,New Building,Multiple Use/Non Residential,2019-12-24T00:00:00Z,2021-12-22T00:00:00Z,2021-12-22T00:00:00Z,M5A,1518,FALSE
20 110509,0,New Building,Secondary School,2020-01-30T00:00:00Z,2021-12-08T00:00:00Z,2021-12-08T00:00:00Z,M6H,0,FALSE
20 111626,0,New Houses,SFD - Detached,2020-02-03T00:00:00Z,2020-05-25T00:00:00Z,2020-05-25T00:00:00Z,M4K,86,FALSE
20 116395,0,New Houses,SFD - Detached,2020-02-18T00:00:00Z,2020-04-16T00:00:00Z,2020-04-16T00:00:00Z,M4K,25,FALSE
20 128430,1,Small Residential Projects,Laneway / Rear Yard Suite,2020-10-26T00:00:00Z,2020-11-27T00:00:00Z,2020-11-27T00:00:00Z,M6R,7.08,FALSE
20 141310,1,New Houses,SFD - Detached,2020-09-24T00:00:00Z,2020-10-09T00:00:00Z,2020-10-09T00:00:00Z,M8Z,64.75,TRUE
20 144610,0,New Building,Home for the Aged,2020-05-12T00:00:00Z,2021-04-09T00:00:00Z,2021-04-09T00:00:00Z,M3C,667.23,FALSE
20 149555,0,Small Residential Projects,SFD - Semi-Detached,2020-05-27T00:00:00Z,2020-06-10T00:00:00Z,2020-06-10T00:00:00Z,M4S,37,TRUE
20 150855,0,New Building,Mixed Use/Res w Non Res,2020-06-01T00:00:00Z,2023-12-20T00:00:00Z,2023-12-20T00:00:00Z,M4M,89,FALSE
20 152672,0,New Building,Other,2020-06-05T00:00:00Z,2020-08-17T00:00:00Z,2020-08-17T00:00:00Z,M6H,54.47,FALSE
20 154037,0,Small Residential Projects,2 Unit - Townhouse,2020-06-09T00:00:00Z,2020-11-24T00:00:00Z,2020-11-24T00:00:00Z,M6J,12.5,FALSE
20 161333,0,New Building,Office,2020-06-29T00:00:00Z,2022-11-10T00:00:00Z,2022-11-10T00:00:00Z,M4A,200,FALSE
20 161849,0,New Building,Apartment Building,2020-06-30T00:00:00Z,2023-03-27T00:00:00Z,2023-03-27T00:00:00Z,M5M,758,FALSE
20 162564,0,New Building,Student Residence,2020-07-02T00:00:00Z,2021-07-28T00:00:00Z,2021-07-28T00:00:00Z,M1C,1407,FALSE
20 164735,0,New Building,Apartment Building,2020-07-08T00:00:00Z,2022-08-04T00:00:00Z,2022-08-04T00:00:00Z,M9N,103.25,FALSE
20 172327,0,New Building,Mixed Use/Res w Non Res,2020-07-24T00:00:00Z,2022-05-09T00:00:00Z,2022-05-09T00:00:00Z,NA,659,FALSE
20 174776,0,Building Additions/Alterations,Industrial,2020-07-30T00:00:00Z,2021-07-19T00:00:00Z,2021-07-19T00:00:00Z,NA,4017,FALSE
20 182384,0,Small Residential Projects,SFD - Semi-Detached,2020-08-18T00:00:00Z,2021-04-16T00:00:00Z,2021-04-16T00:00:00Z,M4J,11,TRUE
20 183171,0,New Building,Mixed Use/Res w Non Res,2020-08-20T00:00:00Z,2023-01-25T00:00:00Z,2023-01-25T00:00:00Z,M6E,495.2,FALSE
20 188135,0,New Building,Mixed Use/Res w Non Res,2020-09-01T00:00:00Z,2022-11-29T00:00:00Z,2022-11-29T00:00:00Z,M5B,507,FALSE
20 188179,0,Small Residential Projects,SFD - Detached,2020-09-01T00:00:00Z,2020-10-30T00:00:00Z,2020-10-30T00:00:00Z,M6C,24,TRUE
20 192670,0,New Building,College/Trade/Tech School/Training Cent.,2020-09-11T00:00:00Z,2022-08-31T00:00:00Z,2022-08-31T00:00:00Z,NA,810,FALSE
20 196282,0,Small Residential Projects,Laneway / Rear Yard Suite,2020-09-21T00:00:00Z,2021-03-31T00:00:00Z,2021-03-31T00:00:00Z,M6G,45.97,FALSE
20 204636,0,Small Residential Projects,SFD - Detached,2020-10-08T00:00:00Z,2021-01-26T00:00:00Z,2021-01-26T00:00:00Z,M4T,9.2,FALSE
20 211586,0,New Building,College/Trade/Tech School/Training Cent.,2020-10-27T00:00:00Z,2022-02-07T00:00:00Z,2022-02-07T00:00:00Z,M1G,410.25,FALSE
20 212663,0,New Building,Mixed Use/Res w Non Res,2020-10-29T00:00:00Z,2023-03-21T00:00:00Z,2023-03-21T00:00:00Z,M8Z,895.4,FALSE
20 216364,0,New Building,Mixed Use/Res w Non Res,2020-11-09T00:00:00Z,2022-06-16T00:00:00Z,2022-06-16T00:00:00Z,M8Z,183.39000000000001,FALSE
20 230161,0,New Building,University,2020-12-17T00:00:00Z,2023-03-06T00:00:00Z,2023-03-06T00:00:00Z,NA,3000,FALSE
20 233380,0,New Building,Mixed Use/Res w Non Res,2020-12-23T00:00:00Z,2024-01-18T00:00:00Z,2024-01-18T00:00:00Z,M5V,1234,FALSE
21 110979,0,New Building,Mixed Use/Res w Non Res,2021-02-01T00:00:00Z,2022-10-06T00:00:00Z,2022-10-06T00:00:00Z,M1P,623,FALSE
21 113274,0,New Houses,SFD - Detached,2021-02-05T00:00:00Z,2021-05-19T00:00:00Z,2021-05-19T00:00:00Z,M6J,30,FALSE
21 113989,0,New Building,Mixed Use/Res w Non Res,2021-02-08T00:00:00Z,2023-09-08T00:00:00Z,2023-09-08T00:00:00Z,M5A,640,FALSE
21 116610,0,New Building,Mixed Use/Res w Non Res,2021-02-16T00:00:00Z,2022-12-20T00:00:00Z,2022-12-20T00:00:00Z,M4Y,195.8,FALSE
21 125032,0,Building Additions/Alterations,Elementary School,2021-03-09T00:00:00Z,2021-10-20T00:00:00Z,2021-10-20T00:00:00Z,M1W,341,FALSE
21 126528,0,New Building,Long Term Care Facility,2021-03-12T00:00:00Z,2023-01-18T00:00:00Z,2023-01-18T00:00:00Z,NA,0,FALSE
21 130818,0,Small Residential Projects,SFD - Townhouse,2021-03-23T00:00:00Z,2021-04-20T00:00:00Z,2021-04-20T00:00:00Z,M6J,26.66,TRUE
21 132654,0,New Building,Gas Station/Car Wash/Repair Garage,2021-03-26T00:00:00Z,2021-10-20T00:00:00Z,2021-10-20T00:00:00Z,M4G,711.4,FALSE
21 141749,0,Small Residential Projects,Laneway / Rear Yard Suite,2021-04-16T00:00:00Z,2021-09-01T00:00:00Z,2021-09-01T00:00:00Z,M6P,10.3,FALSE
21 151865,1,Small Residential Projects,SFD - Townhouse,2022-05-01T00:00:00Z,2022-07-07T00:00:00Z,2022-07-07T00:00:00Z,M6J,43.2,TRUE
21 154977,0,New Building,Apartment Building,2021-05-14T00:00:00Z,2023-07-11T00:00:00Z,2023-07-11T00:00:00Z,M6G,905.5,FALSE
21 155532,0,New Building,Industrial,2021-05-16T00:00:00Z,2022-01-05T00:00:00Z,2022-01-05T00:00:00Z,M3B,414.5,FALSE
21 170778,0,New Building,Elementary School,2021-06-15T00:00:00Z,2024-06-07T00:00:00Z,2024-06-07T00:00:00Z,M8Z,1273,TRUE
21 175004,0,Small Residential Projects,SFD - Detached,2021-06-23T00:00:00Z,2021-08-19T00:00:00Z,2021-08-19T00:00:00Z,M6J,63,FALSE
21 179575,0,New Building,Apartment Building,2021-07-05T00:00:00Z,2022-10-27T00:00:00Z,2022-10-27T00:00:00Z,M5B,114.7,FALSE
21 181613,0,Small Residential Projects,SFD - Semi-Detached,2021-07-08T00:00:00Z,2021-09-03T00:00:00Z,2021-09-03T00:00:00Z,M5R,20.830000000000002,FALSE
21 182075,0,New Houses,SFD - Detached,2021-07-09T00:00:00Z,2021-08-26T00:00:00Z,2021-08-26T00:00:00Z,M5N,17.3,FALSE
21 188481,0,Small Residential Projects,SFD - Detached,2021-07-22T00:00:00Z,2022-01-10T00:00:00Z,2022-01-10T00:00:00Z,M6R,28.959999999999997,FALSE
21 188481,1,Small Residential Projects,SFD - Detached,2023-04-03T00:00:00Z,2023-04-12T00:00:00Z,2023-04-12T00:00:00Z,M6R,40.87,FALSE
21 193965,0,New Building,Mixed Use/Res w Non Res,2021-08-05T00:00:00Z,2025-01-16T00:00:00Z,2025-01-16T00:00:00Z,M6J,146.5,FALSE
21 203357,0,Small Residential Projects,2 Unit - Detached,2021-08-24T00:00:00Z,2021-09-02T00:00:00Z,2021-09-02T00:00:00Z,M5R,20.3,TRUE
21 206729,0,Small Residential Projects,Laneway / Rear Yard Suite,2021-08-31T00:00:00Z,2021-10-04T00:00:00Z,2021-10-04T00:00:00Z,M4K,25.630000000000003,TRUE
21 207722,0,Building Additions/Alterations,Performing Arts Centre,2021-09-02T00:00:00Z,2021-11-29T00:00:00Z,2021-11-29T00:00:00Z,M2N,2929.05,TRUE
21 216029,0,Small Residential Projects,SFD - Detached,2021-09-22T00:00:00Z,2021-11-10T00:00:00Z,2021-11-10T00:00:00Z,M4C,58.760000000000005,TRUE
21 219788,0,New Building,Industrial Manufacturing Plant,2021-09-30T00:00:00Z,2022-01-11T00:00:00Z,2022-01-11T00:00:00Z,M4M,348.9,FALSE
21 222338,0,New Building,Industrial,2021-10-06T00:00:00Z,2022-06-29T00:00:00Z,2022-06-29T00:00:00Z,M3J,2000,FALSE
21 225392,0,New Building,Mixed Use/Res w Non Res,2021-10-13T00:00:00Z,2023-11-06T00:00:00Z,2023-11-06T00:00:00Z,NA,351,FALSE
21 238939,0,New Building,Mixed Use/Res w Non Res,2021-11-17T00:00:00Z,2024-10-18T00:00:00Z,2024-10-18T00:00:00Z,M6K,1051.5,FALSE
21 244380,0,New Building,Mixed Use/Res w Non Res,2021-12-02T00:00:00Z,2023-01-26T00:00:00Z,2023-01-26T00:00:00Z,M3H,20,FALSE
21 246085,0,New Building,Mixed Use/Res w Non Res,2021-12-07T00:00:00Z,2023-07-13T00:00:00Z,2023-07-13T00:00:00Z,M5B,216,FALSE
21 251010,0,New Building,Car Dealership,2021-12-23T00:00:00Z,2023-09-15T00:00:00Z,2023-09-15T00:00:00Z,NA,3953,FALSE
21 251297,0,New Building,Industrial,2021-12-24T00:00:00Z,2023-04-28T00:00:00Z,2023-04-28T00:00:00Z,NA,3407.56,FALSE
21 251370,0,New Building,Elementary School,2021-12-24T00:00:00Z,2023-02-13T00:00:00Z,2023-02-13T00:00:00Z,M2J,858,FALSE
21 251847,0,New Building,Retail Mall/Plaza,2021-12-29T00:00:00Z,2024-01-09T00:00:00Z,2024-01-09T00:00:00Z,M9W,0,FALSE
21 251880,0,New Building,Retail Mall/Plaza,2021-12-29T00:00:00Z,2024-01-03T00:00:00Z,2024-01-03T00:00:00Z,NA,0,FALSE
22 105376,0,Small Residential Projects,SFD - Detached,2022-01-19T00:00:00Z,2022-02-28T00:00:00Z,2022-02-28T00:00:00Z,M6P,16.7,FALSE
22 107633,2,Small Residential Projects,SFD - Detached,2024-10-21T00:00:00Z,2025-02-14T00:00:00Z,2025-02-14T00:00:00Z,M4K,1,FALSE
22 108881,0,Building Additions/Alterations,Elementary School,2022-01-29T00:00:00Z,2023-03-23T00:00:00Z,2023-03-23T00:00:00Z,M4R,140,FALSE
22 117907,1,Small Residential Projects,2 Unit - Detached,2022-10-31T00:00:00Z,2022-12-07T00:00:00Z,2022-12-07T00:00:00Z,M6R,36,FALSE
22 120777,0,Small Residential Projects,SFD - Detached,2022-03-08T00:00:00Z,2022-05-30T00:00:00Z,2022-05-30T00:00:00Z,M4V,5.1,FALSE
22 121556,0,Small Residential Projects,SFD - Detached,2022-03-10T00:00:00Z,2022-03-24T00:00:00Z,2022-03-24T00:00:00Z,M5R,11.6,FALSE
22 131326,0,New Building,Car Dealership,2022-04-06T00:00:00Z,2023-07-11T00:00:00Z,2023-07-11T00:00:00Z,M8Z,0,FALSE
22 132959,0,Building Additions/Alterations,Multiple Use/Non Residential,2022-04-11T00:00:00Z,2022-11-14T00:00:00Z,2022-11-14T00:00:00Z,M6H,396,FALSE
22 152654,1,Small Residential Projects,Laneway / Rear Yard Suite,2022-09-28T00:00:00Z,2022-12-23T00:00:00Z,2022-12-23T00:00:00Z,M6R,21.5,FALSE
22 164976,0,New Building,Retail Store,2022-06-20T00:00:00Z,2024-01-03T00:00:00Z,2024-01-03T00:00:00Z,NA,4800,FALSE
22 189114,0,Small Residential Projects,SFD - Detached,2022-08-11T00:00:00Z,2022-08-29T00:00:00Z,2022-08-29T00:00:00Z,M4K,37.5,TRUE
22 213558,0,Small Residential Projects,SFD - Detached,2022-10-05T00:00:00Z,2023-01-30T00:00:00Z,2023-01-30T00:00:00Z,M4G,54,FALSE
22 221802,1,Small Residential Projects,SFD - Detached,2023-06-08T00:00:00Z,2023-07-04T00:00:00Z,2023-07-04T00:00:00Z,M4R,44.09,TRUE
22 221802,0,Small Residential Projects,SFD - Detached,2022-10-25T00:00:00Z,2022-12-19T00:00:00Z,2022-12-19T00:00:00Z,M4R,44.09,TRUE
22 236772,0,Small Residential Projects,SFD - Semi-Detached,2022-12-06T00:00:00Z,2023-03-07T00:00:00Z,2023-03-07T00:00:00Z,M5S,27.39,FALSE
22 236847,0,New Building,Industrial,2022-12-06T00:00:00Z,2024-03-20T00:00:00Z,2024-03-20T00:00:00Z,M8W,8701.07,FALSE
22 236876,0,New Building,Industrial,2022-12-06T00:00:00Z,2024-03-20T00:00:00Z,2024-03-20T00:00:00Z,M8W,8701.07,FALSE
23 118986,0,Small Residential Projects,Other,2023-03-01T00:00:00Z,2023-03-03T00:00:00Z,2023-03-03T00:00:00Z,M4L,20.54,FALSE
23 121976,0,Small Residential Projects,SFD - Detached,2023-03-10T00:00:00Z,2023-07-24T00:00:00Z,2023-07-24T00:00:00Z,M4K,40.5,FALSE
23 135225,0,Small Residential Projects,Live/Work Unit,2023-04-18T00:00:00Z,2023-05-05T00:00:00Z,2023-05-05T00:00:00Z,M4C,12,TRUE
23 147051,0,New Houses,SFD - Detached,2023-05-17T00:00:00Z,2023-08-11T00:00:00Z,2023-08-11T00:00:00Z,M6H,15.6,FALSE
23 153544,0,New Houses,SFD - Townhouse,2023-05-31T00:00:00Z,2024-04-11T00:00:00Z,2024-04-11T00:00:00Z,M4G,41,FALSE
23 153544,0,New Houses,SFD - Townhouse,2023-05-31T00:00:00Z,2024-04-11T00:00:00Z,2024-04-11T00:00:00Z,M4G,41,FALSE
23 153544,0,New Houses,SFD - Townhouse,2023-05-31T00:00:00Z,2024-04-11T00:00:00Z,2024-04-11T00:00:00Z,M4G,27,FALSE
23 160140,0,Small Residential Projects,SFD - Detached,2023-06-13T00:00:00Z,2023-07-10T00:00:00Z,2023-07-10T00:00:00Z,M6J,22,FALSE
23 220347,0,Small Residential Projects,SFD - Detached,2023-10-30T00:00:00Z,2024-01-25T00:00:00Z,2024-01-25T00:00:00Z,M6H,26.810000000000002,FALSE
24 165025,0,Small Residential Projects,SFD - Semi-Detached,2024-06-14T00:00:00Z,2024-08-14T00:00:00Z,2024-08-14T00:00:00Z,M6H,30,TRUE
24 254444,0,New Building,Multiple Use/Non Residential,2024-12-30T00:00:00Z,2025-08-07T00:00:00Z,2025-08-07T00:00:00Z,M9W,0,FALSE
25 104524,2,Small Residential Projects,SFD - Detached,2025-06-06T00:00:00Z,2025-07-04T00:00:00Z,2025-07-04T00:00:00Z,M4V,14.08,FALSE
